,,2009,2008,2007,2006,2005,2004,2003,2002,2001,2000,1999,1998,1997,1996,1995,1994,1993,1992,1991,1990,1989,1988,1987,1986,1985,1984,1983,1982,1981,1980
Afghanistan,Male,4.1,4.1,4.1,4.1,4.1,4.2,4.2,4.2,4.2,4.2,4.3,4.3,4.3,4.3,4.3,4.4,4.4,4.5,4.5,4.5,4.5,4.5,4.6,4.6,4.6,4.6,4.6,4.6,4.6,4.6
Afghanistan,Female,4.2,4.2,4.3,4.3,4.3,4.3,4.3,4.3,4.3,4.3,4.4,4.4,4.4,4.4,4.4,4.5,4.5,4.5,4.5,4.6,4.6,4.6,4.6,4.6,4.6,4.6,4.6,4.6,4.7,4.7
Albania,Male,4.9,4.9,4.9,4.9,4.9,4.9,4.9,4.9,4.9,4.9,4.9,4.9,4.9,4.9,4.9,4.9,4.9,4.9,4.9,5,5,5,5,5,5,5,5,5,5,5
Albania,Female,4.9,4.9,4.9,4.9,4.9,4.9,4.9,4.9,4.9,4.9,4.9,4.9,4.9,4.9,4.9,4.9,4.9,5,5,5,5,5,5,5,5,5,5,5,5,5.1
Algeria,Male,4.7,4.7,4.7,4.7,4.7,4.7,4.7,4.7,4.7,4.7,4.8,4.8,4.8,4.8,4.8,4.8,4.8,4.8,4.9,4.9,4.9,4.9,4.9,4.9,4.9,4.9,4.9,4.9,4.9,4.9
Algeria,Female,4.8,4.8,4.8,4.8,4.8,4.9,4.9,4.9,4.9,4.9,4.9,4.9,4.9,4.9,4.9,4.9,5,5,5,5,5,5,5,5,5,5,5,5,5,5
Andorra,Male,5.6,5.6,5.6,5.6,5.6,5.6,5.6,5.6,5.7,5.7,5.7,5.7,5.7,5.8,5.8,5.8,5.8,5.9,5.9,5.9,5.9,5.9,6,6,6,6,6.1,6.1,6.1,6.2
Andorra,Female,5.5,5.5,5.5,5.5,5.5,5.5,5.5,5.5,5.6,5.6,5.6,5.6,5.6,5.7,5.7,5.7,5.8,5.8,5.8,5.8,5.9,5.9,5.9,6,6,6,6.1,6.1,6.1,6.1
Angola,Male,4.4,4.4,4.4,4.4,4.4,4.4,4.3,4.3,4.3,4.3,4.3,4.3,4.3,4.4,4.4,4.4,4.4,4.4,4.4,4.5,4.5,4.5,4.5,4.5,4.5,4.5,4.5,4.5,4.5,4.5
Angola,Female,4.5,4.5,4.5,4.5,4.5,4.5,4.5,4.5,4.5,4.5,4.5,4.5,4.5,4.5,4.6,4.6,4.6,4.6,4.6,4.7,4.7,4.7,4.7,4.7,4.7,4.7,4.7,4.8,4.8,4.8
Antigua and Barbuda,Male,4.7,4.7,4.7,4.7,4.7,4.8,4.8,4.8,4.8,4.8,4.8,4.8,4.8,4.8,4.8,4.9,4.9,4.9,4.9,4.9,4.9,4.9,4.9,4.9,4.9,4.9,4.9,4.9,4.9,4.9
Antigua and Barbuda,Female,4.9,4.9,4.9,4.9,4.9,4.9,4.9,4.9,4.9,4.9,5,5,5,5,5,5,5,5,5,5,5,5,5,5,5,5,5,5,5,5
Argentina,Male,5,5,5,5,5,5,5.1,5.1,5.1,5.1,5.1,5.1,5.2,5.2,5.2,5.2,5.2,5.2,5.2,5.2,5.2,5.3,5.3,5.3,5.3,5.3,5.3,5.4,5.4,5.4
Argentina,Female,5,5.1,5.1,5.1,5.1,5.1,5.1,5.1,5.2,5.2,5.2,5.2,5.2,5.2,5.2,5.2,5.2,5.2,5.2,5.3,5.3,5.3,5.3,5.3,5.3,5.4,5.4,5.4,5.4,5.4
Armenia,Male,4.7,4.7,4.7,4.7,4.7,4.7,4.7,4.7,4.7,4.7,4.7,4.7,4.7,4.7,4.8,4.8,4.9,4.9,5,5,5,5,5.1,5.1,5.1,5.1,5.1,5.1,5.1,5.2
Armenia,Female,4.8,4.8,4.8,4.8,4.8,4.8,4.8,4.8,4.8,4.8,4.8,4.8,4.9,4.9,4.9,5,5,5.1,5.1,5.1,5.2,5.2,5.2,5.2,5.3,5.3,5.3,5.3,5.3,5.3
Australia,Male,5.1,5.1,5.2,5.2,5.2,5.2,5.3,5.3,5.3,5.4,5.4,5.4,5.4,5.4,5.5,5.5,5.5,5.5,5.6,5.6,5.6,5.6,5.6,5.6,5.7,5.7,5.7,5.7,5.7,5.8
Australia,Female,5.2,5.2,5.2,5.2,5.3,5.3,5.3,5.3,5.4,5.4,5.4,5.4,5.4,5.5,5.5,5.5,5.5,5.6,5.6,5.6,5.6,5.6,5.7,5.7,5.7,5.7,5.7,5.8,5.8,5.8
Austria,Male,5.3,5.3,5.3,5.3,5.4,5.4,5.4,5.4,5.5,5.5,5.5,5.5,5.6,5.6,5.6,5.6,5.6,5.6,5.7,5.7,5.7,5.7,5.7,5.8,5.8,5.8,5.8,5.8,5.8,5.9
Austria,Female,5.3,5.3,5.3,5.3,5.3,5.3,5.4,5.4,5.4,5.4,5.5,5.5,5.5,5.5,5.5,5.6,5.6,5.6,5.6,5.7,5.7,5.7,5.7,5.7,5.8,5.8,5.8,5.8,5.8,5.9
Azerbaijan,Male,4.5,4.5,4.5,4.5,4.5,4.5,4.5,4.5,4.5,4.5,4.6,4.6,4.6,4.7,4.7,4.8,4.8,4.9,4.9,5,5,5,5,5.1,5.1,5.1,5.1,5.1,5.1,5.1
Azerbaijan,Female,4.7,4.7,4.7,4.7,4.6,4.7,4.7,4.7,4.7,4.7,4.7,4.8,4.8,4.8,4.9,4.9,5,5,5.1,5.1,5.1,5.2,5.2,5.2,5.2,5.2,5.3,5.3,5.3,5.3
Bahamas,Male,5,5,5,5,5,5,5.1,5.1,5.1,5.1,5.1,5.1,5.1,5.1,5.2,5.2,5.2,5.2,5.2,5.2,5.3,5.3,5.3,5.3,5.3,5.3,5.3,5.3,5.3,5.3
Bahamas,Female,5.1,5.2,5.2,5.2,5.2,5.2,5.2,5.2,5.2,5.2,5.2,5.2,5.2,5.2,5.3,5.3,5.3,5.3,5.3,5.4,5.4,5.4,5.4,5.4,5.4,5.4,5.4,5.4,5.4,5.4
Bahrain,Male,5.1,5.1,5.1,5.1,5.1,5.1,5.1,5.1,5.1,5.1,5.1,5.1,5.1,5.1,5.2,5.2,5.2,5.2,5.2,5.2,5.2,5.2,5.2,5.2,5.2,5.2,5.2,5.3,5.3,5.3
Bahrain,Female,5.2,5.2,5.2,5.2,5.2,5.2,5.2,5.2,5.2,5.2,5.2,5.2,5.2,5.3,5.3,5.3,5.3,5.3,5.3,5.3,5.3,5.3,5.3,5.3,5.3,5.3,5.3,5.3,5.3,5.3
Bangladesh,Male,4.3,4.3,4.3,4.3,4.3,4.3,4.3,4.3,4.3,4.3,4.4,4.4,4.4,4.4,4.4,4.4,4.4,4.4,4.4,4.4,4.4,4.4,4.4,4.4,4.5,4.5,4.5,4.5,4.5,4.5
Bangladesh,Female,4.4,4.4,4.4,4.4,4.4,4.4,4.4,4.4,4.4,4.4,4.4,4.4,4.4,4.4,4.4,4.5,4.5,4.5,4.5,4.5,4.5,4.5,4.5,4.5,4.5,4.5,4.5,4.5,4.6,4.6
Barbados,Male,4.7,4.7,4.7,4.7,4.7,4.7,4.8,4.8,4.8,4.8,4.8,4.8,4.8,4.9,4.9,4.9,4.9,4.9,5,5,5,5,5,5,5,5.1,5.1,5.1,5.1,5.1
Barbados,Female,4.9,4.9,4.9,4.9,4.9,4.9,4.9,4.9,5,5,5,5,5,5,5,5,5.1,5.1,5.1,5.1,5.1,5.1,5.2,5.2,5.2,5.2,5.2,5.2,5.3,5.3
Belarus,Male,5,5,5,5,5,5,5.1,5.1,5.1,5.1,5.1,5.1,5.2,5.2,5.2,5.2,5.3,5.3,5.3,5.3,5.3,5.3,5.3,5.3,5.3,5.4,5.4,5.4,5.4,5.4
Belarus,Female,5.1,5.1,5.1,5.1,5.1,5.1,5.1,5.2,5.2,5.2,5.2,5.2,5.3,5.3,5.3,5.3,5.4,5.4,5.4,5.4,5.4,5.4,5.4,5.5,5.5,5.5,5.5,5.5,5.5,5.5
Belgium,Male,5.4,5.4,5.4,5.5,5.5,5.5,5.5,5.5,5.6,5.6,5.6,5.6,5.7,5.7,5.7,5.7,5.8,5.8,5.8,5.9,5.9,5.9,5.9,5.9,6,6,6,6,6.1,6.1
Belgium,Female,5.3,5.3,5.4,5.4,5.4,5.4,5.4,5.5,5.5,5.5,5.5,5.6,5.6,5.6,5.6,5.7,5.7,5.7,5.8,5.8,5.8,5.8,5.9,5.9,5.9,5.9,6,6,6,6
Belize,Male,4.4,4.5,4.5,4.5,4.5,4.5,4.5,4.5,4.5,4.6,4.6,4.6,4.6,4.6,4.6,4.6,4.6,4.7,4.7,4.7,4.7,4.7,4.8,4.8,4.8,4.8,4.8,4.8,4.9,4.9
Belize,Female,4.7,4.7,4.7,4.7,4.7,4.7,4.7,4.7,4.7,4.8,4.8,4.8,4.8,4.8,4.8,4.8,4.8,4.8,4.8,4.9,4.9,4.9,4.9,4.9,5,5,5,5,5,5
Benin,Male,4.1,4.1,4.1,4.1,4.1,4,4,4,4,4,4,4,4,4,4,4,4,4,4.1,4.1,4.1,4.1,4.1,4.1,4.1,4.2,4.2,4.2,4.2,4.2
Benin,Female,4.2,4.2,4.2,4.3,4.3,4.3,4.3,4.3,4.3,4.3,4.3,4.3,4.3,4.3,4.4,4.4,4.4,4.4,4.4,4.5,4.5,4.5,4.5,4.6,4.6,4.6,4.6,4.6,4.6,4.6
Bhutan,Male,4.5,4.5,4.5,4.5,4.5,4.5,4.5,4.5,4.5,4.5,4.5,4.5,4.5,4.5,4.5,4.5,4.5,4.4,4.4,4.4,4.4,4.4,4.4,4.4,4.4,4.4,4.4,4.4,4.4,4.4
Bhutan,Female,4.5,4.5,4.5,4.5,4.5,4.5,4.5,4.5,4.5,4.5,4.5,4.5,4.5,4.5,4.5,4.5,4.5,4.5,4.5,4.5,4.5,4.5,4.5,4.5,4.5,4.5,4.5,4.5,4.5,4.5
Bolivia (Plurinational State of),Male,4.6,4.6,4.6,4.6,4.6,4.6,4.6,4.6,4.6,4.6,4.6,4.6,4.6,4.6,4.6,4.6,4.7,4.7,4.7,4.7,4.7,4.7,4.7,4.8,4.8,4.8,4.8,4.8,4.8,4.8
Bolivia (Plurinational State of),Female,4.7,4.7,4.7,4.7,4.7,4.7,4.7,4.7,4.8,4.8,4.8,4.8,4.8,4.8,4.8,4.8,4.8,4.8,4.8,4.8,4.8,4.8,4.8,4.9,4.9,4.9,4.9,4.9,4.9,4.9
Bosnia and Herzegovina,Male,4.7,4.7,4.7,4.7,4.7,4.7,4.7,4.7,4.7,4.7,4.7,4.6,4.6,4.6,4.6,4.7,4.7,4.8,4.8,4.9,4.9,4.9,4.9,4.9,4.9,4.9,4.9,4.9,4.9,4.9
Bosnia and Herzegovina,Female,4.8,4.8,4.8,4.8,4.8,4.8,4.8,4.8,4.8,4.7,4.7,4.7,4.7,4.7,4.7,4.8,4.8,4.9,4.9,4.9,5,5,5,5,5,5,5,5,5,5
Botswana,Male,4.6,4.6,4.6,4.6,4.6,4.6,4.6,4.6,4.6,4.6,4.6,4.6,4.6,4.6,4.6,4.6,4.6,4.6,4.6,4.6,4.6,4.5,4.5,4.5,4.5,4.5,4.5,4.5,4.5,4.5
Botswana,Female,4.7,4.7,4.7,4.7,4.7,4.7,4.7,4.7,4.7,4.7,4.7,4.7,4.7,4.7,4.8,4.8,4.8,4.8,4.8,4.8,4.8,4.8,4.8,4.8,4.8,4.8,4.8,4.8,4.8,4.8
Brazil,Male,4.8,4.8,4.8,4.8,4.9,4.9,4.9,4.9,4.9,4.9,4.9,4.9,4.9,4.9,4.9,4.9,4.9,4.9,4.9,4.9,4.9,4.9,4.9,4.9,4.8,4.9,4.9,4.9,4.9,4.9
Brazil,Female,4.9,4.9,4.9,4.9,4.9,4.9,4.9,4.9,4.9,4.9,4.9,4.9,4.9,4.9,4.9,4.9,4.9,4.9,4.9,4.9,4.9,4.9,4.9,4.9,4.9,4.9,4.9,4.9,4.9,4.9
Brunei Darussalam,Male,5.1,5.1,5.1,5.1,5.1,5.1,5.2,5.2,5.2,5.2,5.2,5.2,5.2,5.2,5.2,5.2,5.2,5.3,5.3,5.3,5.3,5.3,5.4,5.4,5.4,5.4,5.5,5.5,5.5,5.5
Brunei Darussalam,Female,5.2,5.2,5.2,5.2,5.2,5.2,5.2,5.2,5.1,5.1,5.1,5.1,5.1,5.2,5.2,5.2,5.2,5.2,5.2,5.2,5.3,5.3,5.3,5.4,5.4,5.4,5.4,5.5,5.5,5.5
Bulgaria,Male,5,5,5,5,5,5,5,5.1,5.1,5.1,5.1,5.1,5.1,5.2,5.2,5.2,5.2,5.3,5.3,5.3,5.3,5.3,5.3,5.3,5.3,5.3,5.3,5.3,5.3,5.3
Bulgaria,Female,5,5,5,5,5,5.1,5.1,5.1,5.1,5.1,5.1,5.2,5.2,5.2,5.2,5.3,5.3,5.3,5.3,5.3,5.4,5.4,5.4,5.4,5.4,5.4,5.4,5.3,5.3,5.3
Burkina Faso,Male,3.9,3.9,3.9,3.9,3.9,3.9,3.9,3.9,3.9,3.9,3.9,3.9,3.9,3.9,3.9,3.9,3.9,3.9,4,4,4,4,4,4,4,4.1,4.1,4.1,4.1,4.1
Burkina Faso,Female,4.1,4.1,4.1,4.1,4.1,4.1,4.1,4.1,4.1,4.1,4.2,4.2,4.2,4.2,4.2,4.2,4.2,4.3,4.3,4.3,4.3,4.4,4.4,4.4,4.4,4.4,4.4,4.5,4.5,4.5
Burundi,Male,3.9,3.9,3.9,3.9,3.9,3.9,4,4,4,4,4,4,4,4,4,4,4,4,4,4,4,4,4,4,4,4,4,4,4,4
Burundi,Female,4.1,4.1,4.1,4.1,4.2,4.2,4.2,4.2,4.2,4.2,4.2,4.2,4.2,4.2,4.3,4.3,4.3,4.3,4.3,4.3,4.3,4.3,4.3,4.3,4.3,4.3,4.3,4.4,4.4,4.4
Cabo Verde,Male,4.2,4.2,4.2,4.2,4.2,4.2,4.2,4.2,4.2,4.2,4.2,4.2,4.2,4.2,4.2,4.2,4.2,4.2,4.2,4.2,4.2,4.2,4.2,4.2,4.2,4.2,4.2,4.2,4.2,4.2
Cabo Verde,Female,4.3,4.3,4.4,4.4,4.4,4.4,4.4,4.4,4.5,4.5,4.5,4.5,4.5,4.5,4.5,4.5,4.5,4.5,4.5,4.5,4.5,4.5,4.6,4.6,4.6,4.6,4.6,4.6,4.6,4.6
Cambodia,Male,4.4,4.4,4.4,4.3,4.3,4.3,4.3,4.3,4.3,4.3,4.3,4.3,4.3,4.3,4.3,4.3,4.3,4.3,4.3,4.3,4.3,4.3,4.3,4.3,4.3,4.3,4.3,4.3,4.4,4.4
Cambodia,Female,4.6,4.6,4.6,4.5,4.5,4.5,4.5,4.5,4.4,4.4,4.4,4.4,4.4,4.4,4.4,4.4,4.4,4.4,4.4,4.4,4.4,4.4,4.4,4.4,4.4,4.4,4.4,4.4,4.5,4.5
Cameroon,Male,4.1,4.1,4.1,4.1,4.1,4.1,4.1,4.1,4.1,4.1,4.1,4.1,4.1,4.1,4.1,4.1,4.1,4.2,4.2,4.2,4.2,4.2,4.2,4.2,4.2,4.2,4.2,4.2,4.2,4.2
Cameroon,Female,4.3,4.3,4.3,4.3,4.3,4.3,4.3,4.4,4.4,4.4,4.4,4.4,4.4,4.4,4.5,4.5,4.5,4.5,4.6,4.6,4.6,4.6,4.6,4.6,4.7,4.7,4.7,4.7,4.7,4.7
Canada,Male,5.1,5.1,5.1,5.1,5.2,5.2,5.2,5.2,5.2,5.2,5.3,5.3,5.3,5.3,5.3,5.3,5.4,5.4,5.4,5.4,5.4,5.5,5.5,5.5,5.5,5.5,5.6,5.6,5.6,5.6
Canada,Female,5.1,5.1,5.2,5.2,5.2,5.2,5.2,5.3,5.3,5.3,5.3,5.3,5.3,5.4,5.4,5.4,5.4,5.4,5.4,5.5,5.5,5.5,5.5,5.5,5.5,5.6,5.6,5.6,5.6,5.6
Central African Republic,Male,4.1,4.1,4.1,4.1,4.1,4.1,4.1,4.1,4.1,4.1,4.1,4.1,4.1,4.1,4.1,4.2,4.2,4.2,4.2,4.2,4.2,4.2,4.2,4.2,4.2,4.2,4.2,4.2,4.3,4.3
Central African Republic,Female,4.3,4.3,4.3,4.3,4.3,4.3,4.3,4.3,4.3,4.3,4.3,4.4,4.4,4.4,4.4,4.4,4.4,4.5,4.5,4.5,4.5,4.5,4.5,4.6,4.6,4.6,4.6,4.6,4.6,4.6
Chad,Male,3.9,3.9,3.9,3.9,3.9,3.9,3.9,3.9,3.9,3.9,3.9,3.9,3.9,3.9,4,4,4,4,4,4,4,4,4,4,4.1,4.1,4.1,4.1,4.1,4.1
Chad,Female,4.1,4.1,4.1,4.1,4.1,4.1,4.1,4.2,4.2,4.2,4.2,4.2,4.2,4.3,4.3,4.3,4.3,4.3,4.4,4.4,4.4,4.4,4.4,4.4,4.4,4.4,4.5,4.5,4.5,4.5
Chile,Male,5,5,5,5,5,5,5,5,5,5,5,5,5,5,5,5,5,5,5,5,5,5,5,5,5,5,5,5,5,5
Chile,Female,5,5,5,5,5,5.1,5.1,5.1,5.1,5.1,5.1,5.1,5.1,5.1,5.1,5.1,5.1,5.1,5.1,5.1,5.1,5.1,5.1,5.1,5.1,5.1,5.1,5.1,5.1,5.1
China,Male,4.5,4.5,4.5,4.5,4.4,4.4,4.4,4.4,4.4,4.4,4.3,4.3,4.3,4.3,4.3,4.3,4.2,4.2,4.2,4.2,4.2,4.2,4.2,4.2,4.2,4.2,4.2,4.2,4.2,4.2
China,Female,4.7,4.6,4.6,4.6,4.5,4.5,4.5,4.5,4.4,4.4,4.4,4.4,4.3,4.3,4.3,4.3,4.3,4.3,4.3,4.3,4.3,4.3,4.3,4.3,4.3,4.3,4.3,4.3,4.3,4.3
Colombia,Male,4.8,4.8,4.8,4.8,4.8,4.8,4.8,4.9,4.9,4.9,4.9,4.9,4.9,4.9,4.9,4.9,4.9,4.9,4.9,4.9,4.9,4.9,4.9,4.9,4.9,4.9,4.9,4.9,4.9,4.9
Colombia,Female,4.8,4.9,4.9,4.9,4.9,5,5,5,5,5,5.1,5.1,5.1,5.1,5.1,5,5,5,5,5,5,5,5,5,5,4.9,4.9,4.9,4.9,4.9
Comoros,Male,4.2,4.2,4.2,4.2,4.2,4.2,4.2,4.2,4.2,4.2,4.2,4.3,4.3,4.3,4.3,4.3,4.3,4.3,4.3,4.3,4.3,4.3,4.3,4.4,4.4,4.4,4.4,4.4,4.4,4.4
Comoros,Female,4.3,4.3,4.3,4.3,4.4,4.4,4.4,4.4,4.4,4.4,4.4,4.4,4.4,4.5,4.5,4.5,4.5,4.5,4.5,4.5,4.5,4.6,4.6,4.6,4.6,4.6,4.6,4.6,4.6,4.7
Congo,Male,4.3,4.3,4.3,4.3,4.3,4.3,4.3,4.3,4.3,4.3,4.4,4.4,4.4,4.4,4.4,4.4,4.4,4.4,4.5,4.5,4.5,4.5,4.5,4.5,4.5,4.5,4.5,4.5,4.5,4.5
Congo,Female,4.5,4.5,4.5,4.5,4.5,4.5,4.5,4.5,4.6,4.6,4.6,4.6,4.6,4.6,4.7,4.7,4.7,4.7,4.7,4.7,4.8,4.8,4.8,4.8,4.8,4.8,4.8,4.8,4.8,4.8
Cook Islands,Male,5.3,5.3,5.2,5.2,5.2,5.2,5.2,5.2,5.2,5.2,5.2,5.2,5.2,5.2,5.2,5.2,5.2,5.2,5.2,5.2,5.2,5.2,5.2,5.1,5.1,5.1,5.1,5.1,5.1,5
Cook Islands,Female,5.3,5.3,5.3,5.3,5.2,5.2,5.2,5.2,5.1,5.1,5.1,5.1,5.1,5.1,5.1,5.1,5.1,5.1,5.1,5.1,5.1,5.1,5,5,5,5,5,5,5,5
Costa Rica,Male,4.7,4.7,4.7,4.7,4.7,4.7,4.7,4.7,4.7,4.7,4.7,4.7,4.7,4.7,4.7,4.7,4.7,4.7,4.7,4.7,4.7,4.7,4.7,4.7,4.7,4.8,4.8,4.8,4.8,4.8
Costa Rica,Female,4.9,4.9,4.9,4.9,4.9,4.9,4.9,4.9,4.9,4.9,4.9,4.9,4.9,4.9,4.9,4.9,4.9,4.9,4.9,4.9,4.9,4.9,4.9,4.9,4.9,4.9,5,5,5,5
C™te d'Ivoire,Male,4,4.1,4.1,4.1,4.1,4.1,4.1,4.1,4.1,4.1,4.1,4.1,4.1,4.1,4.1,4.1,4.2,4.2,4.2,4.2,4.2,4.3,4.3,4.3,4.3,4.3,4.3,4.4,4.4,4.4
C™te d'Ivoire,Female,4.2,4.2,4.3,4.3,4.3,4.3,4.3,4.3,4.4,4.4,4.4,4.4,4.4,4.4,4.4,4.5,4.5,4.5,4.5,4.6,4.6,4.6,4.6,4.6,4.7,4.7,4.7,4.7,4.8,4.8
Croatia,Male,5,5,5,5,5,5,5,5,5,5.1,5.1,5.1,5.1,5.1,5.2,5.2,5.2,5.3,5.3,5.3,5.3,5.3,5.3,5.4,5.4,5.4,5.4,5.4,5.4,5.4
Croatia,Female,5,5,5.1,5.1,5.1,5.1,5.1,5.1,5.1,5.1,5.1,5.2,5.2,5.2,5.2,5.2,5.3,5.3,5.3,5.3,5.4,5.4,5.4,5.4,5.4,5.4,5.4,5.4,5.4,5.4
Cuba,Male,4.4,4.4,4.4,4.4,4.4,4.4,4.4,4.5,4.5,4.5,4.5,4.6,4.6,4.6,4.6,4.7,4.7,4.8,4.8,4.8,4.8,4.8,4.8,4.9,4.9,4.9,4.9,4.9,4.9,4.9
Cuba,Female,4.6,4.6,4.6,4.6,4.7,4.7,4.7,4.7,4.7,4.7,4.7,4.8,4.8,4.8,4.8,4.9,4.9,4.9,5,5,5,5,5,5,5,5,5,5,5.1,5.1
Cyprus,Male,5.2,5.2,5.3,5.3,5.3,5.3,5.3,5.3,5.3,5.3,5.4,5.4,5.4,5.4,5.4,5.4,5.4,5.4,5.4,5.4,5.4,5.4,5.4,5.4,5.4,5.4,5.4,5.4,5.4,5.5
Cyprus,Female,5.2,5.2,5.2,5.2,5.2,5.2,5.3,5.3,5.3,5.3,5.3,5.3,5.4,5.4,5.4,5.4,5.4,5.4,5.4,5.4,5.5,5.5,5.5,5.5,5.5,5.5,5.5,5.5,5.5,5.5
Czechia,Male,5.1,5.1,5.2,5.2,5.2,5.3,5.3,5.4,5.4,5.5,5.5,5.6,5.6,5.6,5.7,5.7,5.8,5.8,5.8,5.8,5.8,5.9,5.9,5.9,5.9,5.9,5.9,6,6,6
Czechia,Female,5.1,5.1,5.2,5.2,5.3,5.3,5.4,5.4,5.5,5.5,5.5,5.6,5.6,5.7,5.7,5.7,5.8,5.8,5.8,5.8,5.9,5.9,5.9,5.9,5.9,5.9,5.9,5.9,5.9,5.9
Democratic People's Republic of Korea,Male,4.2,4.2,4.2,4.2,4.2,4.2,4.3,4.3,4.3,4.3,4.3,4.3,4.4,4.4,4.4,4.5,4.5,4.5,4.5,4.5,4.6,4.6,4.6,4.6,4.6,4.6,4.6,4.6,4.6,4.6
Democratic People's Republic of Korea,Female,4.4,4.4,4.4,4.4,4.4,4.4,4.4,4.4,4.4,4.4,4.4,4.4,4.5,4.5,4.5,4.5,4.6,4.6,4.6,4.6,4.6,4.6,4.7,4.7,4.7,4.7,4.7,4.7,4.7,4.7
Democratic Republic of the Congo,Male,3.8,3.8,3.8,3.8,3.8,3.8,3.8,3.8,3.8,3.8,3.8,3.8,3.8,3.9,3.9,3.9,3.9,3.9,4,4,4,4,4,4,4.1,4.1,4.1,4.1,4.1,4.2
Democratic Republic of the Congo,Female,4,4,4,4,4,4,4.1,4.1,4.1,4.1,4.1,4.1,4.2,4.2,4.2,4.2,4.3,4.3,4.3,4.4,4.4,4.4,4.4,4.4,4.4,4.5,4.5,4.5,4.5,4.6
Denmark,Male,5.5,5.5,5.5,5.6,5.6,5.6,5.6,5.6,5.6,5.7,5.7,5.7,5.7,5.7,5.7,5.7,5.8,5.8,5.8,5.8,5.8,5.8,5.8,5.8,5.8,5.8,5.9,5.9,5.9,5.9
Denmark,Female,5.4,5.4,5.4,5.4,5.5,5.5,5.5,5.5,5.5,5.5,5.5,5.6,5.6,5.6,5.6,5.6,5.6,5.7,5.7,5.7,5.7,5.8,5.8,5.8,5.8,5.8,5.9,5.9,5.9,6
Djibouti,Male,4.6,4.6,4.6,4.6,4.6,4.6,4.7,4.7,4.7,4.7,4.7,4.7,4.7,4.7,4.7,4.8,4.8,4.8,4.8,4.8,4.8,4.9,4.9,4.9,4.9,4.9,4.9,4.9,4.9,5
Djibouti,Female,4.7,4.7,4.7,4.7,4.7,4.7,4.7,4.7,4.7,4.7,4.8,4.8,4.8,4.8,4.8,4.8,4.9,4.9,4.9,4.9,4.9,5,5,5,5,5,5,5.1,5.1,5.1
Dominica,Male,4.5,4.5,4.5,4.5,4.5,4.6,4.6,4.6,4.6,4.6,4.6,4.6,4.6,4.7,4.7,4.7,4.7,4.7,4.7,4.7,4.7,4.7,4.7,4.7,4.7,4.7,4.7,4.7,4.7,4.7
Dominica,Female,4.9,4.9,4.9,4.9,4.9,4.9,4.9,4.9,4.9,4.9,4.9,4.9,4.9,4.9,4.9,4.9,4.9,4.9,4.9,4.9,4.9,4.9,4.9,4.9,4.9,4.9,4.9,4.9,4.9,4.9
Dominican Republic,Male,4.4,4.4,4.4,4.4,4.4,4.4,4.4,4.4,4.4,4.4,4.3,4.3,4.3,4.3,4.3,4.3,4.3,4.3,4.4,4.4,4.4,4.4,4.4,4.4,4.5,4.5,4.5,4.5,4.5,4.5
Dominican Republic,Female,4.7,4.7,4.6,4.6,4.6,4.6,4.6,4.6,4.6,4.6,4.6,4.5,4.5,4.5,4.5,4.5,4.6,4.6,4.6,4.6,4.6,4.6,4.7,4.7,4.7,4.8,4.8,4.8,4.8,4.8
Ecuador,Male,4.7,4.7,4.7,4.7,4.7,4.7,4.7,4.7,4.7,4.7,4.7,4.7,4.7,4.7,4.7,4.8,4.8,4.8,4.8,4.8,4.8,4.8,4.8,4.9,4.9,4.9,4.9,4.9,4.9,4.9
Ecuador,Female,4.8,4.8,4.8,4.8,4.8,4.8,4.8,4.8,4.8,4.8,4.9,4.9,4.9,4.9,4.9,4.9,4.9,4.9,4.9,4.9,4.9,4.9,4.9,5,5,5,5,5,5,5
Egypt,Male,4.6,4.6,4.6,4.6,4.6,4.6,4.6,4.6,4.6,4.6,4.6,4.6,4.6,4.6,4.6,4.6,4.6,4.7,4.7,4.7,4.7,4.7,4.7,4.7,4.7,4.7,4.7,4.7,4.7,4.7
Egypt,Female,4.9,4.9,4.9,4.9,4.9,4.9,4.9,4.9,4.8,4.8,4.8,4.8,4.8,4.8,4.8,4.8,4.8,4.8,4.8,4.8,4.8,4.8,4.8,4.8,4.8,4.8,4.8,4.8,4.8,4.8
El Salvador,Male,4.5,4.5,4.5,4.5,4.5,4.5,4.5,4.5,4.5,4.5,4.5,4.5,4.5,4.5,4.5,4.5,4.5,4.5,4.6,4.6,4.6,4.6,4.6,4.6,4.6,4.7,4.7,4.7,4.7,4.8
El Salvador,Female,4.7,4.7,4.7,4.7,4.7,4.7,4.7,4.7,4.7,4.7,4.7,4.7,4.7,4.7,4.7,4.7,4.7,4.7,4.7,4.7,4.7,4.7,4.8,4.8,4.8,4.8,4.8,4.8,4.9,4.9
Equatorial Guinea,Male,4.7,4.7,4.7,4.7,4.6,4.6,4.6,4.5,4.5,4.4,4.4,4.3,4.3,4.3,4.3,4.3,4.3,4.3,4.3,4.3,4.3,4.3,4.3,4.3,4.4,4.4,4.4,4.4,4.4,4.4
Equatorial Guinea,Female,4.8,4.8,4.8,4.8,4.8,4.8,4.7,4.7,4.7,4.6,4.6,4.6,4.5,4.5,4.5,4.5,4.5,4.6,4.6,4.6,4.6,4.6,4.6,4.7,4.7,4.7,4.7,4.7,4.7,4.8
Eritrea,Male,4.1,4.1,4.1,4.1,4.1,4.2,4.2,4.2,4.2,4.2,4.2,4.2,4.2,4.1,4.1,4.1,4.1,4.1,4.1,4.1,4.1,4.1,4.1,4.1,4.1,4.1,4.1,4.1,4.1,4.1
Eritrea,Female,4.2,4.2,4.2,4.2,4.2,4.2,4.3,4.3,4.3,4.3,4.3,4.3,4.3,4.3,4.3,4.3,4.2,4.2,4.3,4.3,4.3,4.3,4.3,4.3,4.3,4.3,4.3,4.3,4.4,4.4
Estonia,Male,5.2,5.2,5.2,5.2,5.2,5.2,5.2,5.2,5.2,5.2,5.2,5.2,5.3,5.3,5.3,5.4,5.4,5.4,5.4,5.5,5.5,5.5,5.5,5.5,5.5,5.6,5.6,5.6,5.6,5.6
Estonia,Female,5.2,5.2,5.3,5.3,5.3,5.3,5.3,5.3,5.3,5.3,5.4,5.4,5.4,5.4,5.5,5.5,5.5,5.6,5.6,5.6,5.6,5.6,5.6,5.6,5.6,5.7,5.7,5.7,5.7,5.7
Eswatini,Male,4.4,4.4,4.4,4.4,4.4,4.4,4.4,4.4,4.4,4.4,4.4,4.4,4.4,4.4,4.4,4.4,4.5,4.5,4.5,4.5,4.5,4.5,4.5,4.6,4.6,4.6,4.6,4.6,4.6,4.6
Eswatini,Female,4.6,4.6,4.6,4.6,4.6,4.6,4.6,4.6,4.6,4.6,4.6,4.6,4.6,4.6,4.6,4.6,4.6,4.7,4.7,4.7,4.7,4.7,4.8,4.8,4.8,4.8,4.9,4.9,4.9,4.9
Ethiopia,Male,4.1,4.1,4.1,4.1,4.1,4.1,4.1,4.1,4.1,4.1,4.1,4.1,4.1,4.1,4.1,4.1,4.1,4.1,4.1,4.1,4.1,4.1,4.1,4.2,4.2,4.2,4.2,4.2,4.2,4.2
Ethiopia,Female,4.2,4.2,4.2,4.2,4.2,4.2,4.2,4.2,4.2,4.2,4.2,4.2,4.2,4.3,4.3,4.3,4.3,4.3,4.3,4.3,4.3,4.3,4.3,4.4,4.4,4.4,4.4,4.4,4.4,4.4
Fiji,Male,5.2,5.2,5.2,5.2,5.2,5.2,5.2,5.2,5.2,5.2,5.1,5.1,5.1,5.1,5.1,5.1,5.1,5.1,5.1,5,5,5,5,5,5,5,5.1,5.1,5.1,5.1
Fiji,Female,5,5,5,5,5,5,5,5,5,5,5,4.9,4.9,4.9,4.9,4.9,4.9,4.9,4.9,4.9,4.8,4.8,4.9,4.9,4.9,4.9,4.9,4.9,4.9,4.9
Finland,Male,5.2,5.2,5.2,5.2,5.2,5.3,5.3,5.3,5.3,5.4,5.4,5.4,5.5,5.5,5.5,5.6,5.6,5.7,5.7,5.8,5.8,5.9,5.9,5.9,6,6,6,6.1,6.1,6.2
Finland,Female,5.3,5.4,5.4,5.4,5.4,5.4,5.4,5.4,5.5,5.5,5.5,5.5,5.6,5.6,5.6,5.7,5.7,5.7,5.8,5.8,5.9,5.9,5.9,6,6,6,6.1,6.1,6.1,6.2
France,Male,5.3,5.4,5.4,5.4,5.4,5.5,5.5,5.5,5.5,5.6,5.6,5.6,5.6,5.6,5.7,5.7,5.7,5.7,5.8,5.8,5.8,5.8,5.9,5.9,5.9,5.9,6,6,6,6
France,Female,5.3,5.3,5.4,5.4,5.4,5.4,5.4,5.4,5.5,5.5,5.5,5.5,5.5,5.6,5.6,5.6,5.6,5.7,5.7,5.7,5.8,5.8,5.8,5.8,5.9,5.9,5.9,5.9,6,6
Gabon,Male,4.7,4.7,4.7,4.7,4.7,4.7,4.7,4.7,4.8,4.8,4.8,4.8,4.8,4.8,4.8,4.8,4.8,4.8,4.8,4.9,4.9,4.9,4.9,4.9,4.9,4.9,4.9,4.9,4.9,4.9
Gabon,Female,4.9,4.9,4.9,4.9,4.9,4.9,4.9,4.9,5,5,5,5,5,5,5,5,5.1,5.1,5.1,5.1,5.1,5.2,5.2,5.2,5.2,5.2,5.2,5.2,5.2,5.2
Gambia,Male,4,4,4,4,4,4,4,4,4,4,4,4,4,4,4,4,4,4,4.1,4.1,4.1,4.1,4.1,4.2,4.2,4.2,4.2,4.2,4.3,4.3
Gambia,Female,4.2,4.2,4.3,4.3,4.3,4.3,4.3,4.3,4.3,4.3,4.3,4.4,4.4,4.4,4.4,4.4,4.4,4.4,4.5,4.5,4.5,4.5,4.5,4.5,4.6,4.6,4.6,4.6,4.6,4.6
Georgia,Male,4.6,4.6,4.6,4.6,4.6,4.6,4.6,4.6,4.6,4.6,4.6,4.6,4.7,4.7,4.8,4.8,4.9,5,5,5.1,5.1,5.1,5.1,5.1,5.2,5.2,5.2,5.2,5.2,5.2
Georgia,Female,4.7,4.7,4.7,4.7,4.7,4.7,4.7,4.7,4.7,4.7,4.8,4.8,4.8,4.9,4.9,5,5,5.1,5.2,5.2,5.2,5.2,5.3,5.3,5.3,5.3,5.3,5.3,5.4,5.4
Germany,Male,5.5,5.6,5.6,5.6,5.6,5.7,5.7,5.7,5.7,5.8,5.8,5.8,5.8,5.8,5.9,5.9,5.9,5.9,5.9,5.9,5.9,5.9,5.9,5.9,5.9,5.8,5.8,5.8,5.8,5.8
Germany,Female,5.3,5.4,5.4,5.4,5.5,5.5,5.6,5.6,5.6,5.7,5.7,5.7,5.8,5.8,5.8,5.8,5.8,5.8,5.8,5.8,5.8,5.8,5.8,5.8,5.8,5.8,5.8,5.8,5.8,5.8
Ghana,Male,3.9,3.9,3.9,3.9,3.9,3.9,3.9,3.9,3.9,3.9,3.9,3.9,3.9,3.9,3.9,4,4,4,4,4,4,4,4,4.1,4.1,4.1,4.1,4.2,4.2,4.2
Ghana,Female,4.2,4.2,4.2,4.2,4.2,4.2,4.2,4.2,4.2,4.3,4.3,4.3,4.3,4.3,4.3,4.3,4.4,4.4,4.4,4.4,4.4,4.4,4.5,4.5,4.5,4.5,4.6,4.6,4.6,4.6
Greece,Male,5,5,5,5,5,5,5,5.1,5.1,5.1,5.1,5.1,5.1,5.2,5.2,5.2,5.2,5.3,5.3,5.3,5.3,5.4,5.4,5.4,5.4,5.4,5.5,5.5,5.5,5.5
Greece,Female,4.9,4.9,4.9,4.9,4.9,5,5,5,5,5,5,5.1,5.1,5.1,5.1,5.2,5.2,5.2,5.3,5.3,5.3,5.4,5.4,5.4,5.4,5.5,5.5,5.5,5.5,5.6
Grenada,Male,4.4,4.4,4.5,4.5,4.5,4.5,4.5,4.5,4.5,4.5,4.5,4.5,4.5,4.5,4.5,4.5,4.5,4.6,4.6,4.6,4.6,4.6,4.6,4.6,4.6,4.6,4.6,4.6,4.6,4.6
Grenada,Female,4.7,4.7,4.7,4.7,4.7,4.7,4.7,4.7,4.7,4.7,4.7,4.7,4.7,4.7,4.7,4.7,4.8,4.8,4.8,4.8,4.8,4.8,4.8,4.8,4.8,4.8,4.8,4.8,4.9,4.9
Guatemala,Male,4.2,4.2,4.2,4.3,4.3,4.3,4.3,4.3,4.3,4.3,4.3,4.4,4.4,4.4,4.4,4.4,4.4,4.4,4.5,4.5,4.5,4.5,4.5,4.6,4.6,4.6,4.6,4.7,4.7,4.7
Guatemala,Female,4.5,4.5,4.5,4.5,4.5,4.6,4.6,4.6,4.6,4.6,4.6,4.6,4.6,4.6,4.6,4.6,4.6,4.6,4.6,4.6,4.7,4.7,4.7,4.7,4.8,4.8,4.8,4.8,4.8,4.9
Guinea,Male,3.9,3.9,3.9,3.9,3.9,3.9,3.9,3.9,3.9,3.9,3.9,3.9,3.9,3.9,3.9,3.9,3.9,3.9,4,4,4,4,4,4,4,4.1,4.1,4.1,4.1,4.1
Guinea,Female,4.2,4.2,4.2,4.2,4.2,4.2,4.2,4.2,4.2,4.2,4.2,4.3,4.3,4.3,4.3,4.3,4.3,4.3,4.4,4.4,4.4,4.4,4.4,4.4,4.5,4.5,4.5,4.5,4.5,4.6
Guinea-Bissau,Male,3.9,3.9,3.9,3.9,3.9,3.9,3.9,3.9,3.9,3.9,3.9,3.9,3.9,3.9,3.9,3.9,3.9,4,4,4,4,4,4,4,4.1,4.1,4.1,4.1,4.1,4.2
Guinea-Bissau,Female,4.1,4.1,4.1,4.1,4.1,4.1,4.2,4.2,4.2,4.2,4.2,4.2,4.3,4.3,4.3,4.3,4.3,4.3,4.3,4.4,4.4,4.4,4.4,4.4,4.4,4.5,4.5,4.5,4.5,4.6
Guyana,Male,4.1,4.1,4.1,4.1,4.1,4.1,4.2,4.2,4.2,4.2,4.2,4.2,4.2,4.2,4.2,4.2,4.2,4.2,4.2,4.3,4.3,4.3,4.3,4.4,4.4,4.4,4.4,4.5,4.5,4.5
Guyana,Female,4.4,4.4,4.4,4.4,4.4,4.4,4.4,4.4,4.4,4.4,4.5,4.5,4.5,4.5,4.5,4.5,4.5,4.5,4.5,4.5,4.5,4.5,4.6,4.6,4.6,4.6,4.7,4.7,4.7,4.7
Haiti,Male,4,4.1,4.1,4.1,4.1,4.1,4.1,4.1,4.1,4.1,4.1,4.1,4.1,4.2,4.2,4.2,4.2,4.2,4.2,4.2,4.3,4.3,4.3,4.3,4.3,4.3,4.4,4.4,4.4,4.4
Haiti,Female,4.3,4.3,4.3,4.3,4.3,4.3,4.4,4.4,4.4,4.4,4.4,4.4,4.4,4.4,4.4,4.4,4.4,4.5,4.5,4.5,4.5,4.5,4.5,4.6,4.6,4.6,4.6,4.6,4.6,4.7
Honduras,Male,4.3,4.3,4.3,4.3,4.3,4.4,4.4,4.4,4.4,4.4,4.4,4.4,4.4,4.4,4.4,4.4,4.4,4.4,4.5,4.5,4.5,4.5,4.5,4.5,4.5,4.5,4.6,4.6,4.6,4.6
Honduras,Female,4.6,4.6,4.6,4.6,4.6,4.6,4.6,4.6,4.6,4.6,4.6,4.6,4.6,4.6,4.6,4.6,4.6,4.6,4.6,4.6,4.6,4.7,4.7,4.7,4.7,4.7,4.7,4.7,4.8,4.8
Hungary,Male,5.1,5.2,5.2,5.2,5.2,5.2,5.2,5.2,5.2,5.2,5.2,5.2,5.2,5.2,5.2,5.3,5.3,5.3,5.3,5.3,5.3,5.3,5.3,5.3,5.3,5.3,5.3,5.3,5.3,5.3
Hungary,Female,5.2,5.2,5.2,5.2,5.2,5.2,5.2,5.2,5.2,5.2,5.2,5.2,5.2,5.2,5.2,5.3,5.3,5.3,5.3,5.3,5.3,5.3,5.3,5.3,5.3,5.3,5.3,5.3,5.3,5.3
Iceland,Male,5.6,5.7,5.7,5.7,5.7,5.7,5.7,5.7,5.8,5.8,5.8,5.8,5.8,5.8,5.9,5.9,5.9,5.9,6,6,6,6,6,6.1,6.1,6.1,6.1,6.1,6.1,6.1
Iceland,Female,5.6,5.6,5.6,5.6,5.6,5.6,5.6,5.7,5.7,5.7,5.7,5.7,5.8,5.8,5.8,5.9,5.9,5.9,6,6,6,6.1,6.1,6.1,6.1,6.1,6.2,6.2,6.2,6.2
India,Male,4.3,4.3,4.4,4.4,4.4,4.4,4.5,4.5,4.5,4.5,4.5,4.5,4.6,4.6,4.6,4.6,4.6,4.6,4.6,4.6,4.6,4.6,4.6,4.6,4.6,4.6,4.6,4.6,4.6,4.6
India,Female,4.5,4.5,4.5,4.5,4.5,4.5,4.5,4.6,4.6,4.6,4.5,4.5,4.5,4.5,4.5,4.5,4.5,4.5,4.5,4.5,4.5,4.5,4.5,4.5,4.5,4.5,4.5,4.5,4.5,4.5
Indonesia,Male,4.5,4.5,4.5,4.5,4.5,4.5,4.5,4.5,4.5,4.5,4.5,4.5,4.5,4.5,4.5,4.5,4.5,4.5,4.5,4.5,4.5,4.5,4.5,4.5,4.5,4.5,4.5,4.6,4.6,4.6
Indonesia,Female,4.7,4.7,4.7,4.7,4.7,4.7,4.7,4.6,4.6,4.6,4.6,4.6,4.6,4.6,4.6,4.6,4.6,4.6,4.6,4.6,4.6,4.6,4.6,4.6,4.6,4.6,4.6,4.6,4.6,4.6
Iran (Islamic Republic of),Male,5,5,5,5,5,5,5,5,5,5,5,5,5,5,4.9,4.9,4.9,4.9,4.9,4.9,4.9,4.9,4.9,4.9,5,5,5,5,5,5
Iran (Islamic Republic of),Female,5.3,5.3,5.3,5.3,5.2,5.2,5.2,5.2,5.2,5.2,5.2,5.2,5.1,5.1,5.1,5.1,5.1,5,5,5,5,5,5,5,5,5,5,5,5,5.1
Iraq,Male,4.8,4.8,4.8,4.8,4.8,4.8,4.8,4.9,4.8,4.8,4.8,4.8,4.8,4.8,4.8,4.8,4.8,4.8,4.9,4.9,4.9,4.9,4.9,4.9,4.9,5,5,5,5,5
Iraq,Female,4.9,4.9,4.9,4.9,4.9,4.9,4.9,4.9,4.9,4.9,4.9,4.9,4.9,4.9,4.9,4.9,4.9,4.9,5,5,5,5,5,5.1,5.1,5.1,5.1,5.1,5.1,5.1
Ireland,Male,5.4,5.4,5.5,5.5,5.5,5.5,5.5,5.6,5.6,5.6,5.6,5.6,5.6,5.6,5.6,5.6,5.6,5.6,5.7,5.7,5.7,5.7,5.7,5.8,5.8,5.8,5.9,5.9,5.9,6
Ireland,Female,5.3,5.3,5.3,5.4,5.4,5.4,5.4,5.4,5.4,5.5,5.5,5.5,5.5,5.5,5.5,5.5,5.5,5.6,5.6,5.6,5.6,5.7,5.7,5.7,5.8,5.8,5.8,5.8,5.9,5.9
Israel,Male,5,5,5.1,5.1,5.1,5.1,5.2,5.2,5.2,5.3,5.3,5.3,5.3,5.4,5.4,5.4,5.4,5.5,5.5,5.5,5.6,5.6,5.6,5.7,5.7,5.7,5.7,5.8,5.8,5.8
Israel,Female,5.2,5.2,5.2,5.2,5.2,5.3,5.3,5.3,5.3,5.4,5.4,5.4,5.4,5.5,5.5,5.5,5.6,5.6,5.6,5.6,5.7,5.7,5.7,5.7,5.8,5.8,5.8,5.8,5.8,5.9
Italy,Male,5.3,5.3,5.3,5.3,5.3,5.3,5.3,5.3,5.3,5.3,5.3,5.3,5.3,5.3,5.3,5.3,5.4,5.4,5.4,5.4,5.4,5.4,5.5,5.5,5.5,5.5,5.6,5.6,5.6,5.7
Italy,Female,5.4,5.4,5.3,5.3,5.3,5.3,5.3,5.3,5.3,5.3,5.3,5.3,5.3,5.3,5.3,5.4,5.4,5.4,5.4,5.4,5.4,5.4,5.4,5.4,5.5,5.5,5.5,5.5,5.6,5.6
Jamaica,Male,4.4,4.4,4.4,4.4,4.4,4.4,4.5,4.5,4.5,4.5,4.5,4.5,4.5,4.5,4.6,4.6,4.6,4.6,4.6,4.6,4.6,4.6,4.6,4.6,4.6,4.7,4.7,4.7,4.7,4.8
Jamaica,Female,4.6,4.6,4.6,4.7,4.7,4.7,4.7,4.7,4.7,4.7,4.7,4.8,4.8,4.8,4.8,4.8,4.8,4.8,4.8,4.8,4.8,4.8,4.9,4.9,4.9,4.9,4.9,4.9,5,5
Japan,Male,5.2,5.2,5.2,5.2,5.2,5.2,5.2,5.2,5.2,5.2,5.2,5.2,5.2,5.2,5.2,5.1,5.1,5.1,5.1,5.1,5,5,5,4.9,4.9,4.9,4.9,4.8,4.8,4.8
Japan,Female,5.2,5.2,5.2,5.2,5.2,5.2,5.2,5.2,5.2,5.2,5.2,5.2,5.2,5.2,5.2,5.2,5.2,5.2,5.1,5.1,5.1,5,5,5,5,4.9,4.9,4.9,4.9,4.8
Jordan,Male,4.9,4.9,5,5,5,5,5,5,5.1,5.1,5.1,5.1,5.1,5.1,5.1,5.1,5.1,5.1,5.1,5.1,5.1,5.1,5.1,5.1,5.1,5.1,5,5,5,5
Jordan,Female,5,5,5.1,5.1,5.1,5.2,5.2,5.2,5.2,5.3,5.3,5.3,5.3,5.3,5.3,5.3,5.3,5.3,5.3,5.3,5.3,5.3,5.2,5.2,5.2,5.1,5.1,5.1,5,5
Kazakhstan,Male,4.9,4.9,4.9,4.9,4.8,4.8,4.8,4.8,4.8,4.8,4.9,4.9,4.9,4.9,5,5,5,5.1,5.1,5.1,5.1,5.1,5.1,5.2,5.2,5.2,5.2,5.2,5.2,5.3
Kazakhstan,Female,4.9,4.9,4.9,4.9,4.9,4.9,4.9,4.9,4.9,4.9,5,5,5,5,5.1,5.1,5.1,5.2,5.2,5.2,5.2,5.3,5.3,5.3,5.3,5.3,5.3,5.4,5.4,5.4
Kenya,Male,4.3,4.3,4.3,4.3,4.3,4.3,4.3,4.3,4.3,4.3,4.3,4.3,4.3,4.4,4.4,4.4,4.4,4.4,4.4,4.4,4.4,4.4,4.4,4.4,4.4,4.4,4.4,4.4,4.4,4.4
Kenya,Female,4.4,4.4,4.4,4.4,4.4,4.4,4.4,4.4,4.4,4.4,4.4,4.4,4.5,4.5,4.5,4.5,4.5,4.5,4.5,4.5,4.5,4.6,4.6,4.6,4.6,4.6,4.6,4.6,4.6,4.6
Kiribati,Male,4.5,4.5,4.5,4.5,4.5,4.5,4.5,4.5,4.5,4.5,4.5,4.5,4.5,4.5,4.5,4.5,4.5,4.5,4.5,4.5,4.5,4.5,4.5,4.6,4.6,4.6,4.6,4.7,4.7,4.7
Kiribati,Female,4.7,4.7,4.7,4.7,4.7,4.7,4.7,4.7,4.7,4.6,4.6,4.6,4.6,4.6,4.6,4.6,4.6,4.6,4.6,4.6,4.6,4.6,4.6,4.6,4.6,4.6,4.7,4.7,4.7,4.8
Kuwait,Male,5.1,5.2,5.2,5.2,5.2,5.2,5.3,5.3,5.3,5.3,5.4,5.4,5.4,5.4,5.4,5.4,5.4,5.4,5.4,5.4,5.4,5.4,5.5,5.5,5.5,5.5,5.6,5.6,5.6,5.6
Kuwait,Female,5.2,5.2,5.2,5.2,5.3,5.3,5.3,5.4,5.4,5.4,5.4,5.5,5.5,5.5,5.5,5.5,5.5,5.4,5.5,5.5,5.5,5.5,5.5,5.5,5.6,5.6,5.6,5.6,5.6,5.6
Kyrgyzstan,Male,4.4,4.4,4.4,4.4,4.4,4.4,4.4,4.5,4.5,4.5,4.5,4.5,4.6,4.6,4.6,4.7,4.7,4.8,4.8,4.8,4.8,4.9,4.9,4.9,4.9,4.9,4.9,5,5,5
Kyrgyzstan,Female,4.5,4.5,4.5,4.5,4.6,4.6,4.6,4.6,4.6,4.6,4.7,4.7,4.7,4.8,4.8,4.8,4.9,4.9,5,5,5,5,5.1,5.1,5.1,5.1,5.1,5.1,5.2,5.2
Lao People's Democratic Republic,Male,4.4,4.4,4.4,4.4,4.4,4.3,4.3,4.3,4.3,4.3,4.3,4.3,4.3,4.3,4.3,4.3,4.3,4.3,4.3,4.3,4.3,4.3,4.3,4.4,4.4,4.4,4.4,4.4,4.4,4.4
Lao People's Democratic Republic,Female,4.6,4.6,4.6,4.5,4.5,4.5,4.5,4.5,4.5,4.5,4.4,4.4,4.4,4.4,4.4,4.4,4.4,4.4,4.4,4.4,4.4,4.4,4.4,4.4,4.4,4.4,4.4,4.5,4.5,4.5
Latvia,Male,5.1,5.1,5.1,5.1,5.1,5.1,5.1,5.1,5.1,5.2,5.2,5.2,5.2,5.3,5.3,5.3,5.4,5.4,5.4,5.4,5.4,5.4,5.5,5.5,5.5,5.5,5.5,5.5,5.6,5.6
Latvia,Female,5.2,5.2,5.2,5.2,5.2,5.2,5.2,5.2,5.2,5.3,5.3,5.3,5.3,5.4,5.4,5.4,5.5,5.5,5.5,5.5,5.5,5.6,5.6,5.6,5.6,5.6,5.6,5.6,5.6,5.7
Lebanon,Male,4.8,4.8,4.8,4.8,4.8,4.8,4.8,4.8,4.8,4.8,4.8,4.8,4.8,4.8,4.8,4.8,4.8,4.8,4.8,4.8,4.9,4.9,4.9,5,5,5,5,5,5,5
Lebanon,Female,5,5,5,5,5,5,5,5,5,5,5,5,5,5,5,5,5,5,5,5,5,5.1,5.1,5.1,5.1,5.1,5.1,5.1,5.1,5.1
Lesotho,Male,4.1,4.1,4.1,4.1,4.1,4.1,4.1,4.1,4.1,4.1,4.1,4.1,4.1,4.1,4.1,4.1,4.1,4.1,4.1,4.1,4.2,4.2,4.2,4.2,4.2,4.2,4.2,4.2,4.3,4.3
Lesotho,Female,4.3,4.3,4.3,4.3,4.3,4.3,4.3,4.3,4.3,4.3,4.3,4.3,4.3,4.3,4.3,4.3,4.3,4.3,4.4,4.4,4.4,4.4,4.4,4.5,4.5,4.5,4.5,4.5,4.6,4.6
Liberia,Male,3.8,3.8,3.8,3.8,3.8,3.8,3.8,3.9,3.9,3.9,3.9,3.9,3.9,3.9,3.9,3.9,4,4,4,4.1,4.1,4.1,4.1,4.2,4.2,4.2,4.2,4.2,4.2,4.3
Liberia,Female,4,4,4.1,4.1,4.1,4.1,4.1,4.2,4.2,4.2,4.2,4.2,4.2,4.3,4.3,4.3,4.3,4.4,4.4,4.4,4.5,4.5,4.5,4.6,4.6,4.6,4.6,4.6,4.7,4.7
Libya,Male,4.6,4.6,4.6,4.6,4.7,4.7,4.7,4.7,4.8,4.8,4.8,4.8,4.8,4.9,4.9,4.9,4.9,5,5,5,5.1,5.1,5.1,5.2,5.2,5.2,5.2,5.2,5.2,5.2
Libya,Female,4.7,4.7,4.7,4.7,4.8,4.8,4.8,4.8,4.9,4.9,4.9,5,5,5,5,5.1,5.1,5.1,5.1,5.2,5.2,5.2,5.2,5.3,5.3,5.3,5.3,5.3,5.3,5.3
Lithuania,Male,5.1,5.1,5.1,5.1,5.2,5.2,5.2,5.2,5.2,5.2,5.3,5.3,5.3,5.4,5.5,5.5,5.5,5.6,5.6,5.6,5.6,5.6,5.7,5.7,5.7,5.7,5.7,5.8,5.8,5.8
Lithuania,Female,5.1,5.2,5.2,5.2,5.2,5.3,5.3,5.3,5.3,5.4,5.4,5.5,5.5,5.6,5.6,5.7,5.7,5.8,5.8,5.8,5.8,5.8,5.8,5.8,5.8,5.8,5.8,5.8,5.8,5.8
Luxembourg,Male,5.5,5.6,5.6,5.6,5.6,5.6,5.7,5.7,5.7,5.7,5.8,5.8,5.8,5.8,5.9,5.9,5.9,5.9,6,6,6,6,6.1,6.1,6.1,6.1,6.2,6.2,6.2,6.2
Luxembourg,Female,5.5,5.5,5.5,5.5,5.5,5.5,5.5,5.6,5.6,5.6,5.6,5.7,5.7,5.7,5.8,5.8,5.8,5.8,5.9,5.9,5.9,6,6,6,6.1,6.1,6.1,6.1,6.2,6.2
Madagascar,Male,4.2,4.2,4.2,4.2,4.2,4.2,4.2,4.2,4.3,4.3,4.3,4.3,4.3,4.3,4.3,4.3,4.3,4.3,4.3,4.3,4.3,4.3,4.3,4.4,4.4,4.4,4.4,4.4,4.4,4.4
Madagascar,Female,4.3,4.3,4.3,4.3,4.3,4.3,4.4,4.4,4.4,4.4,4.4,4.4,4.4,4.4,4.4,4.4,4.5,4.5,4.5,4.5,4.5,4.5,4.5,4.6,4.6,4.6,4.6,4.6,4.7,4.7
Malawi,Male,4.2,4.2,4.2,4.2,4.2,4.2,4.2,4.2,4.2,4.2,4.2,4.2,4.2,4.2,4.2,4.2,4.2,4.2,4.2,4.2,4.2,4.2,4.2,4.2,4.2,4.2,4.2,4.2,4.2,4.2
Malawi,Female,4.4,4.4,4.4,4.3,4.3,4.3,4.3,4.3,4.3,4.3,4.3,4.3,4.3,4.3,4.3,4.3,4.3,4.4,4.4,4.4,4.4,4.4,4.4,4.4,4.4,4.5,4.5,4.5,4.5,4.5
Malaysia,Male,5,5,5,5,5,5,5,5,5,5,5,5,4.9,4.9,4.9,4.9,4.9,4.9,4.9,4.9,4.9,4.8,4.9,4.9,4.9,4.9,4.9,4.9,4.9,4.9
Malaysia,Female,5.2,5.2,5.2,5.1,5.1,5.1,5.1,5.1,5.1,5.1,5,5,5,5,5,5,5,4.9,4.9,4.9,4.9,4.9,4.9,4.9,4.9,4.9,4.9,4.9,4.9,4.9
Maldives,Male,4.7,4.6,4.6,4.6,4.6,4.6,4.6,4.6,4.6,4.6,4.5,4.5,4.5,4.5,4.5,4.5,4.5,4.5,4.5,4.5,4.5,4.5,4.5,4.5,4.5,4.4,4.4,4.4,4.4,4.4
Maldives,Female,5,4.9,4.9,4.9,4.9,4.9,4.8,4.8,4.8,4.8,4.8,4.7,4.7,4.7,4.7,4.7,4.7,4.7,4.7,4.6,4.6,4.6,4.6,4.6,4.6,4.6,4.6,4.6,4.6,4.6
Mali,Male,4,4,4,4,4,4,4,4,4,4,4,4,4,4,4,4,4,4,4,4,4.1,4.1,4.1,4.1,4.1,4.2,4.2,4.2,4.2,4.2
Mali,Female,4.1,4.1,4.2,4.2,4.2,4.2,4.2,4.2,4.2,4.2,4.2,4.2,4.2,4.3,4.3,4.3,4.3,4.3,4.3,4.4,4.4,4.4,4.4,4.4,4.5,4.5,4.5,4.5,4.6,4.6
Malta,Male,5.3,5.3,5.3,5.3,5.4,5.4,5.4,5.4,5.4,5.5,5.5,5.5,5.5,5.5,5.5,5.6,5.6,5.6,5.6,5.7,5.7,5.7,5.7,5.8,5.8,5.8,5.9,5.9,5.9,5.9
Malta,Female,5.2,5.3,5.3,5.3,5.3,5.3,5.3,5.3,5.4,5.4,5.4,5.4,5.4,5.5,5.5,5.5,5.6,5.6,5.6,5.7,5.7,5.8,5.8,5.9,5.9,6,6,6,6.1,6.1
Marshall Islands,Male,4.8,4.8,4.8,4.8,4.8,4.8,4.8,4.8,4.8,4.8,4.9,4.9,4.9,4.9,4.9,4.9,4.9,4.9,4.9,4.9,4.9,4.9,5,5,5,5,5,5,5,5
Marshall Islands,Female,5,5,5,5,5,5,5,5,5,5,5,5,5,5,5,5,5,4.9,4.9,4.9,4.9,4.9,4.9,4.9,4.9,4.9,4.9,4.9,4.9,5
Mauritania,Male,4.2,4.2,4.2,4.2,4.2,4.2,4.2,4.2,4.2,4.2,4.2,4.2,4.2,4.2,4.2,4.2,4.3,4.3,4.3,4.3,4.3,4.3,4.4,4.4,4.4,4.4,4.4,4.4,4.5,4.5
Mauritania,Female,4.3,4.3,4.3,4.3,4.3,4.3,4.4,4.4,4.4,4.4,4.4,4.4,4.5,4.5,4.5,4.5,4.5,4.6,4.6,4.6,4.6,4.7,4.7,4.7,4.7,4.7,4.8,4.8,4.8,4.8
Mauritius,Male,4.9,4.9,4.9,4.9,4.9,4.9,4.9,4.9,4.9,4.9,4.9,4.9,4.9,4.9,4.9,4.9,4.9,4.9,4.9,4.9,4.9,4.8,4.8,4.8,4.8,4.8,4.8,4.9,4.9,4.9
Mauritius,Female,4.9,4.9,4.9,4.9,5,5,5,5,4.9,4.9,4.9,4.9,4.9,4.9,5,5,5,5,5,4.9,4.9,4.9,5,5,5,5,5,5,5,5
Mexico,Male,4.9,4.9,4.9,4.9,4.9,4.9,4.9,4.9,4.9,4.9,4.9,4.9,4.9,4.9,4.9,4.9,4.9,4.9,4.9,4.9,4.9,4.9,4.9,4.9,4.9,4.9,4.9,4.9,4.9,4.9
Mexico,Female,5.2,5.1,5.1,5.1,5.1,5,5,5,5,4.9,4.9,4.9,4.9,4.9,4.9,4.9,4.9,4.9,4.9,4.9,4.9,4.9,4.9,4.9,5,5,5,5,5,5.1
Micronesia (Federated States of),Male,5,5,5,5,5,5,5,4.9,4.9,4.9,4.9,4.9,4.9,4.9,4.9,4.9,4.9,4.9,4.9,4.9,4.9,4.9,4.9,4.9,4.8,4.8,4.8,4.8,4.8,4.8
Micronesia (Federated States of),Female,5,5,5,5,5,5,5,4.9,4.9,4.9,4.9,4.9,4.9,4.9,4.9,4.8,4.8,4.8,4.8,4.8,4.8,4.8,4.8,4.8,4.8,4.8,4.8,4.8,4.8,4.8
Mongolia,Male,4.7,4.7,4.7,4.7,4.7,4.7,4.7,4.7,4.8,4.8,4.8,4.8,4.8,4.8,4.9,4.9,4.9,4.9,4.9,4.9,4.9,5,5,5,5,5,5,5,5.1,5.1
Mongolia,Female,4.7,4.7,4.7,4.7,4.8,4.8,4.8,4.8,4.9,4.9,4.9,4.9,4.9,5,5,5,5,5.1,5.1,5.1,5.1,5.1,5.1,5.2,5.2,5.2,5.2,5.2,5.2,5.2
Montenegro,Male,4.9,5,5,5,5,5,5,5,5,5.1,5.1,5.1,5.1,5.1,5.1,5.1,5.2,5.2,5.2,5.3,5.3,5.3,5.3,5.3,5.3,5.3,5.3,5.3,5.3,5.3
Montenegro,Female,5,5,5,5,5,5,5.1,5.1,5.1,5.1,5.1,5.1,5.1,5.1,5.2,5.2,5.2,5.3,5.3,5.3,5.3,5.3,5.3,5.3,5.3,5.3,5.4,5.4,5.4,5.4
Morocco,Male,4.6,4.6,4.6,4.6,4.6,4.6,4.7,4.7,4.7,4.7,4.7,4.7,4.7,4.7,4.7,4.7,4.7,4.7,4.7,4.7,4.7,4.7,4.7,4.7,4.7,4.7,4.7,4.7,4.7,4.7
Morocco,Female,4.7,4.7,4.8,4.8,4.8,4.8,4.8,4.8,4.8,4.9,4.9,4.9,4.9,4.9,4.9,4.9,4.8,4.8,4.8,4.8,4.8,4.8,4.8,4.8,4.8,4.8,4.8,4.8,4.8,4.8
Mozambique,Male,4.3,4.3,4.3,4.3,4.3,4.3,4.3,4.3,4.3,4.3,4.3,4.2,4.2,4.2,4.2,4.2,4.2,4.2,4.2,4.2,4.2,4.2,4.3,4.3,4.3,4.3,4.3,4.3,4.3,4.3
Mozambique,Female,4.4,4.4,4.4,4.4,4.4,4.4,4.4,4.4,4.4,4.4,4.4,4.4,4.4,4.4,4.4,4.4,4.4,4.4,4.5,4.5,4.5,4.5,4.5,4.5,4.5,4.6,4.6,4.6,4.6,4.6
Myanmar,Male,4.4,4.4,4.3,4.3,4.3,4.3,4.2,4.2,4.2,4.2,4.2,4.2,4.2,4.2,4.2,4.2,4.2,4.2,4.2,4.2,4.2,4.2,4.2,4.2,4.3,4.3,4.3,4.3,4.3,4.3
Myanmar,Female,4.6,4.6,4.5,4.5,4.5,4.5,4.4,4.4,4.4,4.4,4.3,4.3,4.3,4.3,4.3,4.3,4.3,4.3,4.3,4.3,4.3,4.3,4.4,4.4,4.4,4.4,4.4,4.4,4.4,4.4
Namibia,Male,4.5,4.5,4.5,4.5,4.4,4.4,4.4,4.4,4.4,4.4,4.4,4.4,4.4,4.5,4.5,4.5,4.5,4.5,4.5,4.5,4.5,4.6,4.6,4.6,4.6,4.6,4.7,4.7,4.7,4.7
Namibia,Female,4.6,4.6,4.6,4.6,4.6,4.6,4.6,4.6,4.6,4.6,4.6,4.6,4.6,4.6,4.6,4.6,4.7,4.7,4.7,4.7,4.8,4.8,4.8,4.8,4.9,4.9,4.9,4.9,5,5
Nauru,Male,4.8,4.8,4.8,4.8,4.8,4.8,4.8,4.8,4.9,4.9,4.9,4.9,5,5,5,5.1,5.1,5.1,5.1,5.2,5.2,5.2,5.2,5.2,5.2,5.2,5.2,5.2,5.2,5.3
Nauru,Female,5.1,5.1,5.1,5.1,5.1,5.1,5.1,5.1,5,5,5.1,5.1,5.1,5.1,5.1,5.1,5.1,5.1,5.1,5.1,5.1,5.1,5.2,5.2,5.2,5.2,5.2,5.2,5.2,5.2
Nepal,Male,4.1,4.2,4.2,4.2,4.2,4.2,4.2,4.3,4.3,4.3,4.3,4.3,4.3,4.3,4.3,4.3,4.3,4.4,4.4,4.4,4.4,4.4,4.4,4.4,4.4,4.4,4.5,4.5,4.5,4.5
Nepal,Female,4.3,4.3,4.3,4.3,4.3,4.3,4.3,4.4,4.4,4.4,4.4,4.4,4.4,4.4,4.4,4.4,4.4,4.4,4.4,4.5,4.5,4.5,4.5,4.5,4.5,4.5,4.5,4.5,4.5,4.6
Netherlands,Male,5.3,5.3,5.4,5.4,5.4,5.4,5.4,5.5,5.5,5.5,5.5,5.5,5.5,5.6,5.6,5.6,5.6,5.6,5.7,5.7,5.7,5.7,5.8,5.8,5.8,5.8,5.9,5.9,5.9,5.9
Netherlands,Female,5.3,5.3,5.3,5.3,5.3,5.3,5.4,5.4,5.4,5.4,5.4,5.5,5.5,5.5,5.5,5.5,5.6,5.6,5.6,5.6,5.7,5.7,5.7,5.8,5.8,5.8,5.8,5.9,5.9,5.9
New Zealand,Male,5.2,5.2,5.2,5.2,5.3,5.3,5.3,5.3,5.4,5.4,5.5,5.5,5.5,5.6,5.6,5.7,5.7,5.7,5.8,5.8,5.9,5.9,5.9,6,6,6,6,6.1,6.1,6.1
New Zealand,Female,5.2,5.2,5.2,5.3,5.3,5.3,5.4,5.4,5.4,5.5,5.5,5.5,5.6,5.6,5.7,5.7,5.7,5.8,5.8,5.9,5.9,5.9,5.9,5.9,6,6,6,6,6,6
Nicaragua,Male,4.3,4.3,4.3,4.4,4.4,4.4,4.4,4.4,4.4,4.4,4.4,4.4,4.4,4.4,4.5,4.5,4.5,4.5,4.5,4.6,4.6,4.6,4.7,4.7,4.7,4.7,4.7,4.8,4.8,4.8
Nicaragua,Female,4.6,4.6,4.6,4.6,4.6,4.6,4.6,4.6,4.6,4.6,4.6,4.6,4.6,4.6,4.6,4.6,4.6,4.7,4.7,4.7,4.7,4.8,4.8,4.8,4.8,4.9,4.9,4.9,4.9,5
Niger,Male,3.8,3.8,3.8,3.8,3.8,3.8,3.9,3.9,3.9,3.9,3.9,3.9,3.9,3.9,3.9,4,4,4,4,4,4,4.1,4.1,4.1,4.1,4.1,4.2,4.2,4.2,4.2
Niger,Female,4,4,4,4,4.1,4.1,4.1,4.1,4.1,4.1,4.1,4.2,4.2,4.2,4.2,4.2,4.3,4.3,4.3,4.3,4.4,4.4,4.4,4.4,4.5,4.5,4.5,4.5,4.5,4.6
Nigeria,Male,3.8,3.8,3.8,3.8,3.8,3.8,3.8,3.7,3.7,3.7,3.7,3.7,3.8,3.8,3.8,3.8,3.8,3.8,3.9,3.9,3.9,4,4,4,4,4.1,4.1,4.1,4.2,4.2
Nigeria,Female,4.1,4.1,4.1,4.1,4.1,4.1,4.1,4.1,4.1,4.1,4.1,4.1,4.1,4.2,4.2,4.2,4.2,4.2,4.3,4.3,4.3,4.4,4.4,4.4,4.5,4.5,4.6,4.6,4.6,4.7
Norway,Male,5.4,5.4,5.4,5.4,5.4,5.5,5.5,5.5,5.5,5.5,5.6,5.6,5.6,5.6,5.6,5.6,5.7,5.7,5.7,5.7,5.8,5.8,5.8,5.8,5.9,5.9,5.9,5.9,5.9,6
Norway,Female,5.3,5.3,5.3,5.3,5.4,5.4,5.4,5.4,5.4,5.5,5.5,5.5,5.5,5.5,5.6,5.6,5.6,5.6,5.7,5.7,5.7,5.8,5.8,5.8,5.8,5.9,5.9,5.9,5.9,6
Oman,Male,5,5,5,5,5,5,5,5,5,5,5,5,5,5,5,5,5,5,5,5,5,5,5,5,5,5,5,5,5,5
Oman,Female,5.1,5.1,5.1,5.1,5.1,5.1,5.1,5.1,5.1,5.1,5.1,5.2,5.2,5.2,5.2,5.2,5.1,5.1,5.1,5.1,5.1,5.1,5.1,5.1,5.1,5.1,5.1,5.1,5.1,5.1
Pakistan,Male,4.5,4.5,4.5,4.5,4.5,4.5,4.5,4.5,4.5,4.5,4.6,4.6,4.6,4.6,4.6,4.6,4.6,4.6,4.6,4.6,4.7,4.7,4.7,4.7,4.7,4.7,4.7,4.7,4.7,4.7
Pakistan,Female,4.5,4.5,4.6,4.6,4.6,4.6,4.6,4.6,4.6,4.6,4.6,4.6,4.6,4.6,4.7,4.7,4.7,4.7,4.7,4.7,4.7,4.7,4.7,4.7,4.7,4.7,4.7,4.7,4.7,4.7
Palau,Male,5.1,5.1,5.1,5.1,5.1,5.1,5.1,5.1,5.1,5.1,5.1,5.1,5.1,5.1,5.1,5.1,5.1,5.1,5.2,5.2,5.2,5.2,5.2,5.2,5.2,5.3,5.3,5.3,5.3,5.4
Palau,Female,5.2,5.2,5.2,5.2,5.2,5.1,5.1,5.1,5.1,5.1,5.1,5.1,5.1,5.1,5.1,5.1,5.1,5.1,5.1,5.1,5.1,5.1,5.1,5.1,5.1,5.2,5.2,5.2,5.2,5.3
Panama,Male,4.7,4.7,4.7,4.7,4.7,4.7,4.7,4.7,4.7,4.8,4.8,4.8,4.8,4.8,4.8,4.8,4.8,4.8,4.8,4.8,4.8,4.8,4.8,4.9,4.9,4.9,4.9,4.9,4.9,4.9
Panama,Female,4.9,4.9,4.9,4.9,4.9,4.9,4.9,4.9,4.9,4.9,4.9,4.9,4.9,4.9,4.9,4.9,4.9,4.9,4.9,4.9,4.9,4.9,5,5,5,5,5,5,5,5
Papua New Guinea,Male,4.6,4.6,4.6,4.6,4.6,4.6,4.6,4.6,4.6,4.7,4.7,4.7,4.7,4.7,4.7,4.7,4.7,4.7,4.7,4.7,4.7,4.7,4.7,4.7,4.7,4.7,4.7,4.7,4.7,4.8
Papua New Guinea,Female,4.8,4.8,4.8,4.7,4.7,4.7,4.7,4.7,4.7,4.7,4.7,4.7,4.6,4.6,4.6,4.6,4.6,4.6,4.6,4.5,4.5,4.5,4.5,4.5,4.5,4.5,4.5,4.5,4.6,4.6
Paraguay,Male,4.6,4.6,4.6,4.6,4.7,4.7,4.7,4.7,4.7,4.7,4.8,4.8,4.8,4.8,4.8,4.8,4.8,4.8,4.8,4.8,4.8,4.8,4.8,4.8,4.8,4.8,4.8,4.8,4.8,4.8
Paraguay,Female,4.8,4.8,4.8,4.8,4.8,4.8,4.8,4.8,4.9,4.9,4.9,4.9,4.9,4.9,4.9,4.9,4.9,4.9,4.9,4.9,4.9,4.9,4.9,4.9,4.9,4.9,4.9,4.9,4.9,4.9
Peru,Male,4.7,4.7,4.7,4.7,4.7,4.7,4.7,4.7,4.7,4.8,4.8,4.8,4.8,4.8,4.8,4.8,4.8,4.8,4.8,4.9,4.9,4.9,4.9,4.9,4.9,4.9,4.9,4.9,4.9,4.9
Peru,Female,4.7,4.8,4.8,4.8,4.8,4.8,4.8,4.8,4.8,4.8,4.8,4.8,4.9,4.9,4.9,4.9,4.9,4.9,4.9,4.9,4.9,4.9,4.9,4.9,4.9,4.9,4.9,5,5,5
Philippines,Male,4.7,4.7,4.7,4.7,4.7,4.7,4.7,4.7,4.7,4.7,4.7,4.7,4.7,4.7,4.7,4.7,4.7,4.7,4.7,4.7,4.7,4.7,4.7,4.7,4.7,4.7,4.8,4.8,4.8,4.8
Philippines,Female,5,5,4.9,4.9,4.9,4.9,4.9,4.9,4.8,4.8,4.8,4.8,4.8,4.8,4.8,4.8,4.8,4.7,4.7,4.7,4.7,4.7,4.7,4.7,4.8,4.8,4.8,4.8,4.8,4.8
Poland,Male,5.3,5.3,5.3,5.3,5.3,5.3,5.3,5.3,5.3,5.3,5.3,5.3,5.3,5.3,5.3,5.3,5.3,5.3,5.3,5.3,5.3,5.3,5.3,5.3,5.3,5.3,5.3,5.3,5.3,5.3
Poland,Female,5.1,5.2,5.2,5.2,5.2,5.2,5.2,5.2,5.2,5.2,5.2,5.2,5.2,5.3,5.3,5.3,5.3,5.3,5.3,5.3,5.3,5.3,5.3,5.3,5.3,5.3,5.3,5.3,5.3,5.4
Portugal,Male,5.2,5.2,5.2,5.2,5.2,5.2,5.3,5.3,5.3,5.3,5.3,5.3,5.3,5.3,5.3,5.3,5.3,5.3,5.3,5.3,5.3,5.4,5.4,5.4,5.4,5.4,5.4,5.5,5.5,5.5
Portugal,Female,5.2,5.2,5.2,5.2,5.2,5.2,5.2,5.2,5.3,5.3,5.3,5.3,5.3,5.3,5.3,5.3,5.3,5.4,5.4,5.4,5.4,5.4,5.4,5.4,5.5,5.5,5.5,5.5,5.5,5.6
Qatar,Male,5.2,5.2,5.2,5.2,5.2,5.2,5.2,5.2,5.2,5.2,5.2,5.2,5.2,5.2,5.2,5.2,5.3,5.3,5.3,5.3,5.3,5.3,5.4,5.4,5.4,5.5,5.5,5.5,5.5,5.6
Qatar,Female,5.3,5.3,5.3,5.3,5.3,5.3,5.3,5.3,5.3,5.3,5.3,5.3,5.3,5.3,5.3,5.3,5.3,5.3,5.4,5.4,5.4,5.4,5.4,5.4,5.5,5.5,5.5,5.5,5.6,5.6
Republic of Korea,Male,4.8,4.8,4.8,4.8,4.8,4.8,4.8,4.8,4.8,4.8,4.8,4.8,4.8,4.8,4.8,4.8,4.8,4.8,4.8,4.8,4.8,4.8,4.8,4.8,4.8,4.8,4.8,4.8,4.8,4.8
Republic of Korea,Female,4.9,4.9,4.8,4.8,4.8,4.8,4.8,4.8,4.8,4.8,4.8,4.8,4.8,4.8,4.8,4.8,4.8,4.8,4.8,4.8,4.8,4.8,4.8,4.9,4.9,4.9,4.9,4.9,4.9,5
Republic of Moldova,Male,4.6,4.6,4.6,4.6,4.6,4.6,4.6,4.6,4.6,4.6,4.7,4.7,4.8,4.8,4.9,4.9,5,5,5.1,5.1,5.2,5.2,5.2,5.2,5.2,5.2,5.3,5.3,5.3,5.3
Republic of Moldova,Female,4.7,4.7,4.7,4.7,4.7,4.7,4.7,4.7,4.8,4.8,4.8,4.9,4.9,5,5,5.1,5.1,5.2,5.2,5.3,5.3,5.3,5.3,5.3,5.4,5.4,5.4,5.4,5.4,5.4
Romania,Male,4.9,4.9,4.9,4.9,4.9,4.9,4.9,4.9,5,5,5,5,5,5.1,5.1,5.1,5.1,5.2,5.2,5.2,5.2,5.2,5.2,5.2,5.2,5.2,5.3,5.3,5.3,5.3
Romania,Female,4.9,4.9,4.9,4.9,4.9,5,5,5,5,5,5,5.1,5.1,5.1,5.1,5.2,5.2,5.2,5.2,5.3,5.3,5.3,5.3,5.3,5.3,5.3,5.3,5.3,5.3,5.3
Russian Federation,Male,4.9,4.9,4.9,4.9,4.9,4.9,4.9,4.9,5,5,5,5,5.1,5.1,5.2,5.2,5.3,5.3,5.3,5.3,5.4,5.4,5.4,5.5,5.5,5.5,5.5,5.6,5.6,5.6
Russian Federation,Female,5.1,5.1,5.1,5.1,5.1,5.1,5.1,5.2,5.2,5.2,5.2,5.3,5.3,5.3,5.4,5.4,5.5,5.5,5.5,5.6,5.6,5.6,5.6,5.7,5.7,5.7,5.7,5.7,5.8,5.8
Rwanda,Male,4.1,4.1,4.1,4.1,4.1,4.1,4.1,4.1,4.1,4.1,4.1,4.1,4.1,4.1,4.1,4.1,4.1,4.1,4.1,4.1,4.1,4.1,4.1,4.1,4.1,4.1,4.1,4.1,4.1,4.1
Rwanda,Female,4.3,4.3,4.3,4.3,4.3,4.3,4.3,4.3,4.3,4.3,4.3,4.3,4.3,4.3,4.3,4.3,4.4,4.4,4.4,4.4,4.4,4.4,4.4,4.4,4.4,4.5,4.5,4.5,4.5,4.5
Saint Kitts and Nevis,Male,4.7,4.7,4.7,4.7,4.7,4.7,4.8,4.8,4.8,4.8,4.8,4.8,4.8,4.8,4.7,4.7,4.7,4.7,4.7,4.7,4.7,4.8,4.8,4.8,4.8,4.8,4.8,4.8,4.8,4.8
Saint Kitts and Nevis,Female,4.9,4.9,4.9,4.9,4.9,4.9,4.9,4.9,4.9,4.9,4.9,4.9,4.9,4.9,4.9,4.9,4.9,4.9,4.9,4.9,4.9,4.9,4.9,4.9,5,5,5,5,5,5
Saint Lucia,Male,4.6,4.6,4.6,4.6,4.6,4.6,4.6,4.6,4.6,4.7,4.7,4.7,4.7,4.7,4.7,4.7,4.7,4.7,4.7,4.7,4.6,4.6,4.6,4.6,4.6,4.6,4.6,4.6,4.7,4.7
Saint Lucia,Female,4.8,4.8,4.8,4.8,4.8,4.8,4.8,4.8,4.8,4.8,4.8,4.8,4.8,4.9,4.9,4.9,4.9,4.8,4.8,4.8,4.8,4.8,4.8,4.8,4.8,4.8,4.8,4.9,4.9,4.9
Saint Vincent and the Grenadines,Male,4.5,4.5,4.5,4.5,4.5,4.5,4.5,4.6,4.6,4.6,4.6,4.6,4.6,4.6,4.6,4.6,4.6,4.6,4.6,4.6,4.6,4.6,4.6,4.6,4.6,4.5,4.5,4.6,4.6,4.6
Saint Vincent and the Grenadines,Female,4.8,4.8,4.8,4.8,4.7,4.7,4.7,4.8,4.8,4.8,4.8,4.8,4.8,4.8,4.8,4.8,4.8,4.8,4.8,4.8,4.8,4.8,4.8,4.8,4.8,4.8,4.8,4.8,4.8,4.8
Samoa,Male,4.5,4.5,4.5,4.5,4.5,4.5,4.5,4.5,4.5,4.5,4.5,4.5,4.6,4.6,4.6,4.6,4.6,4.6,4.6,4.6,4.6,4.6,4.6,4.6,4.6,4.6,4.7,4.7,4.7,4.7
Samoa,Female,4.7,4.7,4.7,4.7,4.7,4.6,4.6,4.6,4.6,4.6,4.6,4.6,4.6,4.6,4.6,4.6,4.6,4.6,4.7,4.7,4.7,4.7,4.7,4.7,4.7,4.7,4.7,4.8,4.8,4.8
Sao Tome and Principe,Male,3.9,3.9,3.9,3.9,3.9,3.9,4,4,4,4,4,4,4,4,4,4.1,4.1,4.1,4.1,4.1,4.1,4.2,4.2,4.2,4.2,4.2,4.3,4.3,4.3,4.3
Sao Tome and Principe,Female,4.1,4.2,4.2,4.2,4.2,4.2,4.3,4.3,4.3,4.3,4.3,4.4,4.4,4.4,4.4,4.4,4.4,4.5,4.5,4.5,4.5,4.6,4.6,4.6,4.6,4.6,4.7,4.7,4.7,4.7
Saudi Arabia,Male,4.6,4.6,4.7,4.7,4.7,4.7,4.8,4.8,4.8,4.9,4.9,4.9,4.9,5,5,5,5,5.1,5.1,5.1,5.1,5.1,5.2,5.2,5.2,5.2,5.3,5.3,5.3,5.3
Saudi Arabia,Female,4.8,4.8,4.9,4.9,4.9,4.9,5,5,5,5.1,5.1,5.1,5.1,5.2,5.2,5.2,5.2,5.2,5.2,5.3,5.3,5.3,5.3,5.3,5.3,5.3,5.4,5.4,5.4,5.4
Senegal,Male,4.1,4.1,4.1,4.1,4.1,4.1,4.1,4.1,4.1,4.1,4.1,4.1,4.1,4.1,4.1,4.1,4.2,4.2,4.2,4.2,4.2,4.2,4.2,4.2,4.3,4.3,4.3,4.3,4.3,4.3
Senegal,Female,4.2,4.2,4.3,4.3,4.3,4.3,4.3,4.3,4.3,4.4,4.4,4.4,4.4,4.4,4.4,4.4,4.5,4.5,4.5,4.5,4.5,4.6,4.6,4.6,4.6,4.6,4.7,4.7,4.7,4.7
Serbia,Male,4.9,4.9,4.9,4.9,4.9,4.9,4.9,4.9,4.9,4.9,4.9,4.9,4.9,4.9,4.9,5,5,5,5,5,5,5,5,5.1,5.1,5.1,5.1,5.1,5.1,5.1
Serbia,Female,5.1,5.1,5.1,5.1,5.1,5.1,5.1,5,5,5,5,5,5,5,5,5,5,5.1,5.1,5.1,5.1,5.1,5.1,5.1,5.1,5.2,5.2,5.2,5.2,5.2
Seychelles,Male,5.2,5.2,5.2,5.2,5.3,5.3,5.3,5.3,5.3,5.2,5.2,5.2,5.2,5.2,5.2,5.2,5.2,5.2,5.1,5.1,5.1,5.1,5.1,5.1,5.1,5,5,5,5,5
Seychelles,Female,5.2,5.2,5.2,5.2,5.3,5.3,5.3,5.3,5.3,5.3,5.3,5.3,5.3,5.3,5.3,5.3,5.3,5.3,5.3,5.3,5.3,5.3,5.3,5.3,5.3,5.2,5.2,5.2,5.2,5.2
Sierra Leone,Male,3.8,3.8,3.8,3.8,3.8,3.8,3.8,3.8,3.8,3.8,3.8,3.9,3.9,3.9,4,4,4,4,4,4.1,4.1,4.1,4.1,4.1,4.1,4.1,4.2,4.2,4.2,4.2
Sierra Leone,Female,4,4,4.1,4.1,4.1,4.1,4.1,4.1,4.1,4.1,4.2,4.2,4.2,4.3,4.3,4.3,4.3,4.4,4.4,4.4,4.4,4.5,4.5,4.5,4.5,4.5,4.5,4.6,4.6,4.6
Singapore,Male,5.2,5.2,5.2,5.1,5.1,5.1,5.1,5.1,5.1,5.1,5.1,5.1,5.1,5.2,5.2,5.2,5.2,5.3,5.3,5.3,5.4,5.4,5.5,5.5,5.6,5.6,5.7,5.7,5.8,5.8
Singapore,Female,5.4,5.3,5.2,5.1,5.1,5,4.9,4.8,4.8,4.7,4.7,4.7,4.7,4.7,4.7,4.7,4.8,4.8,4.9,4.9,5,5.1,5.2,5.3,5.4,5.5,5.7,5.8,5.9,6
Slovakia,Male,5.1,5.1,5.1,5.1,5.1,5.1,5.1,5.1,5.2,5.2,5.2,5.2,5.2,5.2,5.2,5.3,5.3,5.3,5.3,5.3,5.3,5.3,5.3,5.3,5.3,5.4,5.4,5.4,5.4,5.4
Slovakia,Female,5.1,5.1,5.1,5.1,5.1,5.1,5.2,5.2,5.2,5.2,5.2,5.2,5.3,5.3,5.3,5.3,5.3,5.3,5.3,5.4,5.4,5.4,5.4,5.4,5.4,5.4,5.4,5.4,5.4,5.4
Slovenia,Male,5.2,5.2,5.2,5.2,5.2,5.2,5.2,5.3,5.3,5.3,5.3,5.3,5.3,5.3,5.3,5.3,5.3,5.4,5.4,5.4,5.4,5.4,5.4,5.4,5.4,5.4,5.4,5.4,5.4,5.4
Slovenia,Female,5.2,5.2,5.2,5.2,5.2,5.3,5.3,5.3,5.3,5.3,5.3,5.3,5.3,5.3,5.4,5.4,5.4,5.4,5.4,5.4,5.4,5.4,5.4,5.4,5.4,5.4,5.5,5.5,5.5,5.5
Solomon Islands,Male,4.5,4.5,4.5,4.5,4.5,4.5,4.5,4.5,4.5,4.5,4.5,4.6,4.6,4.6,4.6,4.6,4.6,4.6,4.6,4.6,4.6,4.6,4.6,4.6,4.6,4.6,4.6,4.7,4.7,4.7
Solomon Islands,Female,4.7,4.7,4.7,4.7,4.7,4.7,4.7,4.7,4.7,4.7,4.7,4.7,4.7,4.7,4.7,4.6,4.6,4.6,4.6,4.6,4.6,4.6,4.7,4.7,4.7,4.7,4.7,4.7,4.7,4.7
Somalia,Male,4.2,4.2,4.2,4.2,4.2,4.2,4.2,4.2,4.2,4.2,4.2,4.2,4.3,4.3,4.3,4.3,4.3,4.3,4.3,4.3,4.3,4.3,4.3,4.3,4.4,4.4,4.4,4.4,4.4,4.4
Somalia,Female,4.3,4.3,4.3,4.3,4.4,4.4,4.4,4.4,4.4,4.4,4.4,4.4,4.4,4.4,4.4,4.5,4.5,4.5,4.5,4.5,4.5,4.5,4.5,4.6,4.6,4.6,4.6,4.6,4.7,4.7
South Africa,Male,4.5,4.5,4.5,4.5,4.5,4.4,4.4,4.4,4.4,4.4,4.4,4.5,4.5,4.5,4.5,4.5,4.5,4.6,4.6,4.6,4.7,4.7,4.7,4.8,4.8,4.8,4.9,4.9,4.9,4.9
South Africa,Female,4.7,4.7,4.7,4.7,4.6,4.6,4.6,4.6,4.6,4.5,4.5,4.5,4.5,4.6,4.6,4.6,4.6,4.7,4.7,4.8,4.8,4.9,4.9,4.9,5,5,5.1,5.1,5.2,5.2
Spain,Male,5.2,5.2,5.2,5.3,5.3,5.3,5.3,5.3,5.3,5.3,5.4,5.4,5.4,5.4,5.4,5.4,5.4,5.4,5.5,5.5,5.5,5.5,5.5,5.5,5.5,5.6,5.6,5.6,5.6,5.6
Spain,Female,5.1,5.1,5.1,5.1,5.2,5.2,5.2,5.2,5.2,5.2,5.2,5.3,5.3,5.3,5.3,5.3,5.3,5.4,5.4,5.4,5.4,5.4,5.5,5.5,5.5,5.5,5.6,5.6,5.6,5.6
Sri Lanka,Male,4.5,4.5,4.5,4.5,4.5,4.5,4.5,4.5,4.5,4.5,4.5,4.5,4.5,4.5,4.5,4.5,4.5,4.5,4.5,4.5,4.5,4.5,4.5,4.5,4.5,4.5,4.5,4.5,4.5,4.5
Sri Lanka,Female,4.7,4.7,4.7,4.7,4.7,4.7,4.7,4.6,4.6,4.6,4.6,4.6,4.6,4.6,4.6,4.6,4.6,4.6,4.6,4.6,4.6,4.6,4.6,4.6,4.6,4.6,4.6,4.6,4.6,4.6
Sudan,Male,4.5,4.5,4.5,4.5,4.5,4.5,4.5,4.5,4.5,4.5,4.4,4.4,4.4,4.4,4.4,4.4,4.4,4.4,4.4,4.4,4.5,4.5,4.5,4.5,4.5,4.5,4.5,4.5,4.5,4.5
Sudan,Female,4.6,4.6,4.6,4.6,4.5,4.5,4.5,4.5,4.5,4.5,4.5,4.5,4.5,4.5,4.5,4.5,4.5,4.5,4.6,4.6,4.6,4.6,4.6,4.6,4.6,4.7,4.7,4.7,4.7,4.7
Suriname,Male,4.5,4.5,4.5,4.5,4.5,4.5,4.5,4.5,4.5,4.5,4.5,4.5,4.5,4.5,4.6,4.6,4.6,4.6,4.7,4.7,4.7,4.7,4.7,4.8,4.8,4.8,4.8,4.8,4.8,4.9
Suriname,Female,4.7,4.7,4.7,4.7,4.7,4.7,4.7,4.7,4.7,4.7,4.7,4.7,4.7,4.7,4.8,4.8,4.8,4.8,4.8,4.8,4.8,4.9,4.9,4.9,4.9,5,5,5,5,5
Sweden,Male,5.1,5.2,5.2,5.2,5.2,5.3,5.3,5.3,5.3,5.4,5.4,5.4,5.5,5.5,5.5,5.6,5.6,5.6,5.7,5.7,5.7,5.8,5.8,5.8,5.9,5.9,5.9,6,6,6
Sweden,Female,4.9,5,5,5,5.1,5.1,5.1,5.2,5.2,5.3,5.3,5.4,5.4,5.5,5.5,5.6,5.6,5.7,5.7,5.8,5.8,5.9,5.9,5.9,6,6,6,6,6.1,6.1
Switzerland,Male,5.3,5.3,5.3,5.3,5.4,5.4,5.4,5.4,5.4,5.5,5.5,5.5,5.6,5.6,5.6,5.6,5.7,5.7,5.7,5.8,5.8,5.8,5.8,5.8,5.9,5.9,5.9,5.9,5.9,6
Switzerland,Female,5.2,5.2,5.3,5.3,5.3,5.3,5.3,5.3,5.4,5.4,5.4,5.5,5.5,5.5,5.6,5.6,5.6,5.7,5.7,5.7,5.8,5.8,5.8,5.8,5.9,5.9,5.9,5.9,5.9,6
Syrian Arab Republic,Male,4.7,4.7,4.7,4.7,4.7,4.7,4.7,4.7,4.8,4.8,4.8,4.8,4.8,4.8,4.8,4.8,4.8,4.8,4.8,4.8,4.8,4.8,4.8,4.8,4.8,4.9,4.9,4.9,4.9,4.9
Syrian Arab Republic,Female,4.8,4.8,4.9,4.9,4.9,4.9,4.9,4.9,4.9,4.9,4.9,4.9,4.9,4.9,4.9,4.9,4.9,4.9,4.9,4.9,4.9,4.9,4.9,5,5,5,5,5,5,4.9
Tajikistan,Male,4.2,4.2,4.2,4.2,4.2,4.2,4.2,4.2,4.2,4.2,4.3,4.3,4.4,4.4,4.5,4.6,4.6,4.7,4.8,4.8,4.8,4.9,4.9,4.9,4.9,4.9,4.9,5,5,5
Tajikistan,Female,4.3,4.3,4.3,4.3,4.3,4.4,4.4,4.4,4.4,4.4,4.5,4.5,4.6,4.6,4.7,4.8,4.8,4.9,4.9,5,5,5,5,5.1,5.1,5.1,5.1,5.1,5.2,5.2
Thailand,Male,5.1,5.1,5.1,5.1,5,5,5,5,4.9,4.9,4.9,4.9,4.9,4.9,4.8,4.8,4.8,4.8,4.7,4.7,4.7,4.7,4.7,4.7,4.7,4.7,4.7,4.7,4.7,4.7
Thailand,Female,5.2,5.2,5.2,5.1,5.1,5.1,5.1,5,5,5,5,5,4.9,4.9,4.9,4.9,4.9,4.8,4.8,4.8,4.8,4.8,4.8,4.7,4.7,4.7,4.7,4.7,4.7,4.7
The former Yugoslav republic of Macedonia,Male,4.8,4.8,4.8,4.8,4.8,4.8,4.8,4.9,4.9,4.9,4.9,4.9,5,5,5,5,5.1,5.1,5.1,5.2,5.2,5.2,5.2,5.2,5.3,5.3,5.3,5.3,5.3,5.3
The former Yugoslav republic of Macedonia,Female,4.9,4.9,4.9,4.9,4.9,4.9,4.9,4.9,5,5,5,5,5,5,5.1,5.1,5.1,5.1,5.2,5.2,5.2,5.3,5.3,5.3,5.3,5.3,5.3,5.3,5.4,5.4
Timor-Leste,Male,4.2,4.2,4.2,4.2,4.2,4.3,4.3,4.3,4.3,4.3,4.3,4.3,4.3,4.3,4.3,4.3,4.3,4.3,4.3,4.3,4.3,4.3,4.3,4.3,4.3,4.3,4.3,4.3,4.3,4.4
Timor-Leste,Female,4.5,4.5,4.4,4.4,4.4,4.4,4.4,4.4,4.4,4.4,4.4,4.4,4.4,4.4,4.4,4.4,4.4,4.4,4.4,4.4,4.4,4.4,4.4,4.4,4.4,4.4,4.4,4.4,4.4,4.5
Togo,Male,3.9,3.9,3.9,3.9,3.9,3.9,3.9,3.9,3.9,3.9,3.9,3.9,3.9,3.9,3.9,4,4,4,4,4,4,4.1,4.1,4.1,4.1,4.1,4.2,4.2,4.2,4.2
Togo,Female,4.1,4.1,4.1,4.1,4.1,4.1,4.2,4.2,4.2,4.2,4.2,4.2,4.2,4.3,4.3,4.3,4.3,4.3,4.4,4.4,4.4,4.4,4.5,4.5,4.5,4.5,4.6,4.6,4.6,4.6
Tonga,Male,5.1,5.1,5.1,5.1,5.1,5.1,5,5,5,5,5,5,5,4.9,4.9,4.9,4.9,4.9,4.9,4.9,4.9,4.9,4.8,4.8,4.8,4.8,4.8,4.8,4.8,4.7
Tonga,Female,4.9,4.9,4.9,4.9,4.9,4.9,4.9,4.9,4.8,4.8,4.8,4.8,4.8,4.8,4.8,4.7,4.7,4.7,4.7,4.7,4.7,4.7,4.7,4.7,4.7,4.7,4.7,4.7,4.7,4.7
Trinidad and Tobago,Male,4.6,4.6,4.6,4.6,4.6,4.6,4.6,4.6,4.6,4.6,4.6,4.6,4.6,4.6,4.6,4.6,4.6,4.7,4.7,4.7,4.7,4.8,4.8,4.8,4.8,4.9,4.9,4.9,4.9,4.9
Trinidad and Tobago,Female,4.8,4.8,4.8,4.8,4.8,4.8,4.8,4.8,4.7,4.7,4.7,4.7,4.7,4.8,4.8,4.8,4.8,4.8,4.8,4.9,4.9,4.9,4.9,5,5,5,5,5,5.1,5.1
Tunisia,Male,4.7,4.7,4.6,4.6,4.6,4.6,4.6,4.6,4.6,4.6,4.5,4.5,4.5,4.5,4.5,4.5,4.5,4.5,4.5,4.4,4.4,4.4,4.4,4.4,4.5,4.5,4.5,4.5,4.5,4.5
Tunisia,Female,4.9,4.9,4.9,4.9,4.9,4.9,4.8,4.8,4.8,4.8,4.8,4.8,4.8,4.8,4.8,4.8,4.7,4.7,4.7,4.7,4.7,4.7,4.7,4.7,4.7,4.8,4.8,4.8,4.8,4.8
Turkey,Male,4.7,4.7,4.7,4.7,4.7,4.7,4.7,4.7,4.8,4.8,4.8,4.8,4.8,4.8,4.8,4.8,4.8,4.8,4.8,4.8,4.8,4.8,4.8,4.8,4.8,4.8,4.8,4.8,4.8,4.8
Turkey,Female,4.8,4.8,4.8,4.8,4.8,4.8,4.8,4.9,4.9,4.9,4.9,4.9,4.9,4.9,4.9,4.9,4.9,4.9,4.9,4.9,4.9,4.9,4.9,4.9,4.9,4.9,4.9,4.9,4.9,4.9
Turkmenistan,Male,4.5,4.5,4.5,4.5,4.5,4.5,4.5,4.5,4.5,4.5,4.6,4.6,4.6,4.7,4.7,4.8,4.8,4.8,4.9,4.9,4.9,5,5,5,5,5,5.1,5.1,5.1,5.1
Turkmenistan,Female,4.6,4.7,4.7,4.7,4.7,4.7,4.7,4.7,4.7,4.7,4.7,4.7,4.8,4.8,4.9,4.9,5,5,5,5.1,5.1,5.1,5.1,5.2,5.2,5.2,5.2,5.2,5.2,5.3
Uganda,Male,4.1,4.1,4.1,4.1,4,4,4,4,4,4,4,4,4,4,4,4,4,4,4,4,4,4,4,4,4.1,4.1,4.1,4.1,4.1,4.2
Uganda,Female,4.3,4.3,4.3,4.3,4.3,4.3,4.3,4.3,4.3,4.3,4.3,4.3,4.3,4.3,4.3,4.3,4.3,4.3,4.3,4.3,4.3,4.3,4.4,4.4,4.4,4.4,4.4,4.5,4.5,4.5
Ukraine,Male,4.8,4.8,4.8,4.8,4.8,4.8,4.8,4.8,4.9,4.9,4.9,4.9,5,5,5.1,5.1,5.2,5.2,5.2,5.3,5.3,5.3,5.3,5.4,5.4,5.4,5.4,5.4,5.4,5.5
Ukraine,Female,4.9,4.9,4.9,4.9,4.9,4.9,4.9,5,5,5,5,5.1,5.1,5.2,5.2,5.3,5.3,5.3,5.4,5.4,5.4,5.4,5.5,5.5,5.5,5.5,5.5,5.5,5.5,5.5
United Arab Emirates,Male,5.2,5.2,5.2,5.2,5.2,5.2,5.3,5.3,5.3,5.3,5.3,5.3,5.3,5.3,5.3,5.3,5.3,5.4,5.4,5.4,5.4,5.5,5.5,5.5,5.6,5.6,5.6,5.7,5.7,5.7
United Arab Emirates,Female,5.3,5.3,5.3,5.3,5.3,5.3,5.4,5.4,5.4,5.4,5.4,5.4,5.4,5.4,5.4,5.4,5.4,5.5,5.5,5.5,5.5,5.5,5.6,5.6,5.6,5.7,5.7,5.7,5.7,5.7
United Kingdom of Great Britain and Northern Ireland,Male,5.4,5.4,5.4,5.4,5.5,5.5,5.5,5.5,5.5,5.6,5.6,5.6,5.6,5.7,5.7,5.7,5.8,5.8,5.8,5.9,5.9,5.9,6,6,6.1,6.1,6.1,6.2,6.2,6.2
United Kingdom of Great Britain and Northern Ireland,Female,5.4,5.4,5.4,5.4,5.4,5.4,5.4,5.5,5.5,5.5,5.5,5.6,5.6,5.6,5.7,5.7,5.7,5.8,5.8,5.9,5.9,5.9,6,6,6,6.1,6.1,6.1,6.2,6.2
United Republic of Tanzania,Male,4.1,4.1,4.1,4.1,4.1,4.1,4.1,4.1,4.1,4.1,4,4,4,4,4,4,4,4,4,4,4,4,4,4,4,4,4.1,4.1,4.1,4.1
United Republic of Tanzania,Female,4.4,4.4,4.3,4.3,4.3,4.3,4.3,4.3,4.3,4.2,4.2,4.2,4.2,4.2,4.2,4.2,4.2,4.2,4.2,4.2,4.2,4.3,4.3,4.3,4.3,4.3,4.4,4.4,4.4,4.5
United States of America,Male,5,5.1,5.1,5.1,5.2,5.2,5.2,5.2,5.3,5.3,5.3,5.3,5.3,5.4,5.4,5.4,5.4,5.4,5.4,5.5,5.5,5.5,5.5,5.5,5.5,5.6,5.6,5.6,5.6,5.6
United States of America,Female,5.1,5.2,5.2,5.2,5.2,5.2,5.3,5.3,5.3,5.3,5.4,5.4,5.4,5.4,5.4,5.5,5.5,5.5,5.5,5.5,5.6,5.6,5.6,5.6,5.6,5.7,5.7,5.7,5.7,5.7
Uruguay,Male,4.8,4.8,4.8,4.9,4.9,4.9,5,5,5,5.1,5.1,5.1,5.1,5.1,5.1,5.1,5.1,5.1,5.1,5.2,5.2,5.2,5.2,5.2,5.2,5.3,5.3,5.3,5.3,5.3
Uruguay,Female,4.8,4.8,4.8,4.9,4.9,4.9,5,5,5,5.1,5.1,5.1,5.1,5.1,5.1,5.1,5.1,5.1,5.1,5.2,5.2,5.2,5.2,5.2,5.2,5.2,5.3,5.3,5.3,5.3
Uzbekistan,Male,4.2,4.3,4.3,4.3,4.3,4.3,4.3,4.3,4.4,4.4,4.4,4.4,4.5,4.5,4.5,4.6,4.6,4.7,4.7,4.8,4.8,4.8,4.9,4.9,4.9,4.9,5,5,5,5
Uzbekistan,Female,4.4,4.4,4.4,4.5,4.5,4.5,4.5,4.5,4.5,4.6,4.6,4.6,4.6,4.7,4.7,4.8,4.8,4.8,4.9,4.9,5,5,5,5.1,5.1,5.1,5.1,5.1,5.2,5.2
Vanuatu,Male,4.6,4.6,4.6,4.6,4.6,4.6,4.6,4.6,4.7,4.7,4.7,4.7,4.7,4.7,4.7,4.7,4.7,4.7,4.7,4.7,4.7,4.7,4.7,4.7,4.7,4.8,4.8,4.8,4.8,4.8
Vanuatu,Female,4.8,4.8,4.7,4.7,4.7,4.7,4.7,4.7,4.7,4.7,4.7,4.7,4.7,4.7,4.7,4.7,4.7,4.7,4.7,4.7,4.7,4.7,4.7,4.7,4.7,4.7,4.7,4.8,4.8,4.8
Venezuela (Bolivarian Republic of),Male,4.5,4.5,4.5,4.5,4.5,4.5,4.6,4.6,4.6,4.6,4.6,4.6,4.6,4.7,4.7,4.7,4.7,4.7,4.8,4.8,4.8,4.8,4.9,4.9,4.9,5,5,5,5,5.1
Venezuela (Bolivarian Republic of),Female,4.9,4.9,4.8,4.8,4.8,4.8,4.8,4.8,4.8,4.8,4.8,4.8,4.8,4.8,4.8,4.9,4.9,4.9,4.9,4.9,5,5,5,5.1,5.1,5.1,5.2,5.2,5.2,5.3
Viet Nam,Male,4.6,4.6,4.5,4.5,4.5,4.5,4.5,4.5,4.4,4.4,4.4,4.4,4.4,4.4,4.4,4.4,4.4,4.4,4.4,4.4,4.4,4.4,4.4,4.4,4.4,4.4,4.4,4.4,4.4,4.5
Viet Nam,Female,4.7,4.7,4.7,4.7,4.6,4.6,4.6,4.6,4.6,4.5,4.5,4.5,4.5,4.5,4.5,4.5,4.5,4.5,4.5,4.5,4.5,4.5,4.5,4.5,4.5,4.5,4.5,4.5,4.5,4.5
Yemen,Male,4.4,4.5,4.5,4.5,4.5,4.5,4.5,4.5,4.5,4.5,4.5,4.5,4.5,4.5,4.5,4.5,4.6,4.6,4.6,4.6,4.6,4.6,4.6,4.6,4.6,4.6,4.6,4.6,4.6,4.6
Yemen,Female,4.6,4.6,4.6,4.6,4.6,4.6,4.6,4.6,4.7,4.7,4.7,4.7,4.7,4.7,4.7,4.7,4.7,4.7,4.7,4.7,4.7,4.7,4.7,4.7,4.7,4.7,4.7,4.7,4.7,4.7
Zambia,Male,4.3,4.3,4.3,4.3,4.3,4.3,4.3,4.3,4.3,4.3,4.3,4.4,4.4,4.4,4.4,4.4,4.4,4.4,4.4,4.4,4.4,4.5,4.5,4.5,4.5,4.5,4.5,4.5,4.5,4.5
Zambia,Female,4.5,4.5,4.5,4.5,4.5,4.5,4.5,4.5,4.5,4.5,4.5,4.5,4.5,4.5,4.5,4.5,4.6,4.6,4.6,4.6,4.6,4.6,4.6,4.7,4.7,4.7,4.7,4.7,4.8,4.8
Zimbabwe,Male,4.1,4.1,4.2,4.2,4.2,4.2,4.2,4.2,4.2,4.2,4.3,4.3,4.3,4.3,4.3,4.3,4.3,4.3,4.3,4.3,4.4,4.4,4.4,4.4,4.4,4.4,4.4,4.4,4.5,4.5
Zimbabwe,Female,4.3,4.3,4.3,4.3,4.4,4.4,4.4,4.4,4.4,4.4,4.4,4.4,4.4,4.4,4.5,4.5,4.5,4.5,4.5,4.6,4.6,4.6,4.6,4.6,4.7,4.7,4.7,4.7,4.7,4.8